Trading Day,Net Asset Value,Volume
01/04/2010,100.6261,36898
01/05/2010,100.4893,20881
01/06/2010,101.3005,15785
01/07/2010,103.1823,11691
01/08/2010,102.9233,22297
01/11/2010,102.665,11358
01/12/2010,104.6413,24581
01/13/2010,105.6364,6462
01/14/2010,105.073,20511
01/15/2010,105.7886,15570
01/18/2010,105.232,49414
01/19/2010,104.6755,20474
01/20/2010,105.0108,12037
01/21/2010,102.6313,33129
01/22/2010,100.5378,47267
01/25/2010,99.8896,18386
01/26/2010,98.7055,11221
01/27/2010,99.1073,28474
01/28/2010,98.0571,45537
01/29/2010,96.4247,26045
02/01/2010,98.1495,30783
02/02/2010,97.9131,45157
02/03/2010,98.0218,9922
02/04/2010,96.3753,27706
02/05/2010,95.7746,47771
02/08/2010,95.9308,37479
02/09/2010,94.6346,10178
02/10/2010,95.0897,35022
02/11/2010,94.4328,20240
02/12/2010,94.1306,31220
02/15/2010,93.4792,41736
02/16/2010,95.585,7716
02/17/2010,95.5982,21574
02/18/2010,94.4135,22719
02/19/2010,95.3737,13181
02/22/2010,94.0051,49066
02/23/2010,94.2689,25213
02/24/2010,92.0804,11380
02/25/2010,90.6404,5615
02/26/2010,90.8817,5463
03/01/2010,91.7143,36973
03/02/2010,91.9305,14158
03/03/2010,91.8305,25651
03/04/2010,91.5262,8158
03/05/2010,89.9298,25008
03/08/2010,89.1799,9938
03/09/2010,88.7137,43185
03/10/2010,89.8657,27388
03/11/2010,90.2632,13881
03/12/2010,88.3807,10603
03/15/2010,88.7509,39980
03/16/2010,88.3674,27504
03/17/2010,87.6761,21766
03/18/2010,88.346,33386
03/19/2010,89.4655,16695
03/22/2010,90.4921,22796
03/23/2010,89.608,47543
03/24/2010,89.3023,19559
03/25/2010,89.6841,43914
03/26/2010,90.7609,38139
03/29/2010,90.2663,43333
03/30/2010,90.0922,13802
03/31/2010,88.9232,13307
04/01/2010,87.6734,45205
04/02/2010,88.5546,38214
04/05/2010,90.0224,39159
04/06/2010,89.9716,16516
04/07/2010,91.082,34086
04/08/2010,91.5046,35480
04/09/2010,90.8237,49659
04/12/2010,91.2448,43737
04/13/2010,92.9563,14265
04/14/2010,92.9442,10454
04/15/2010,94.7172,40918
04/16/2010,91.768,31181
04/19/2010,92.7006,20386
04/20/2010,92.8252,44182
04/21/2010,92.52,42425
04/22/2010,92.6496,48254
04/23/2010,90.4677,29327
04/26/2010,90.2563,26181
04/27/2010,90.6702,26452
04/28/2010,92.3054,43248
04/29/2010,91.759,45801
04/30/2010,90.8963,38751
05/03/2010,90.3763,26991
05/04/2010,91.3962,46311
05/05/2010,91.7841,14916
05/06/2010,91.2282,15143
05/07/2010,91.8174,30855
05/10/2010,91.952,20581
05/11/2010,93.0484,6907
05/12/2010,92.2924,34424
05/13/2010,91.9572,28308
05/14/2010,91.5521,46984
05/17/2010,89.9717,46505
05/18/2010,90.3184,41942
05/19/2010,90.6284,31957
05/20/2010,90.6612,30464
05/21/2010,90.4332,28649
05/24/2010,88.9243,47065
05/25/2010,88.5021,32125
05/26/2010,88.1647,39758
05/27/2010,87.3424,10596
05/28/2010,87.1995,21374
05/31/2010,87.6485,8775
06/01/2010,89.6586,32388
06/02/2010,89.8734,26029
06/03/2010,90.1781,23445
06/04/2010,90.1246,19645
06/07/2010,88.0765,36105
06/08/2010,88.0749,18668
06/09/2010,88.165,20960
06/10/2010,90.7975,16357
06/11/2010,90.6151,42203
06/14/2010,90.9702,20804
06/15/2010,90.9596,19626
06/16/2010,89.7113,33132
06/17/2010,90.9685,12951
06/18/2010,91.8166,11449
06/21/2010,92.7157,24065
06/22/2010,91.7317,40967
06/23/2010,93.3034,44536
06/24/2010,91.7618,14130
06/25/2010,92.4356,28824
06/28/2010,94.893,46401
06/29/2010,93.7935,41993
06/30/2010,93.1843,36875
07/01/2010,93.3237,11054
07/02/2010,92.7879,39273
07/05/2010,91.0891,46821
07/06/2010,91.1914,15832
07/07/2010,90.0562,34670
07/08/2010,90.5951,27852
07/09/2010,89.6227,28620
07/12/2010,91.3165,33307
07/13/2010,90.4856,6551
07/14/2010,90.163,32812
07/15/2010,91.0703,18799
07/16/2010,89.7525,31312
07/19/2010,90.0244,44620
07/20/2010,91.4635,6449
07/21/2010,89.7266,29426
07/22/2010,89.9523,40427
07/23/2010,90.2598,45277
07/26/2010,91.1337,36551
07/27/2010,89.8083,29277
07/28/2010,88.4122,40489
07/29/2010,88.9925,14637
07/30/2010,89.3363,48258
08/02/2010,89.6317,40693
08/03/2010,90.0312,14824
08/04/2010,89.3235,31950
08/05/2010,89.5993,28488
08/06/2010,89.9413,44008
08/09/2010,89.1972,5215
08/10/2010,91.2211,45067
08/11/2010,91.7671,16523
08/12/2010,90.4828,15364
08/13/2010,91.2228,8153
08/16/2010,90.1832,28834
08/17/2010,91.062,39474
08/18/2010,92.3554,48066
08/19/2010,91.4736,39335
08/20/2010,92.5585,15400
08/23/2010,93.0448,15345
08/24/2010,93.9905,38896
08/25/2010,96.1581,24894
08/26/2010,95.9038,33899
08/27/2010,95.0651,45635
08/30/2010,94.0789,33229
08/31/2010,93.1861,10583
09/01/2010,93.1279,9897
09/02/2010,93.537,11001
09/03/2010,93.8757,48881
09/06/2010,94.8357,9567
09/07/2010,94.8789,14271
09/08/2010,96.5623,16703
09/09/2010,96.2846,18329
09/10/2010,99.4564,40509
09/13/2010,100.233,11256
09/14/2010,99.232,5228
09/15/2010,97.9866,29746
09/16/2010,98.5833,21678
09/17/2010,98.3485,42052
09/20/2010,99.2207,28185
09/21/2010,99.8139,38686
09/22/2010,99.7566,16445
09/23/2010,98.7729,38266
09/24/2010,97.007,7809
09/27/2010,96.5163,42729
09/28/2010,97.5372,46785
09/29/2010,97.817,41547
09/30/2010,96.3841,47818
10/01/2010,96.6133,39886
10/04/2010,97.089,11391
10/05/2010,96.0884,5145
10/06/2010,96.2945,18929
10/07/2010,96.3906,29326
10/08/2010,95.0975,34991
10/11/2010,95.5343,42333
10/12/2010,96.2059,21576
10/13/2010,97.4851,44405
10/14/2010,98.7471,33464
10/15/2010,97.1442,13243
10/18/2010,96.0801,36601
10/19/2010,96.7027,7410
10/20/2010,97.328,6820
10/21/2010,97.9587,40289
10/22/2010,102.517,43650
10/25/2010,103.2501,39635
10/26/2010,104.688,12465
10/27/2010,105.9179,37439
10/28/2010,106.7776,32314
10/29/2010,106.4057,49229
11/01/2010,107.4067,24583
11/02/2010,106.4428,32155
11/03/2010,106.1723,43871
11/04/2010,105.5857,17197
11/05/2010,105.7211,34511
11/08/2010,108.6894,20424
11/09/2010,106.2865,5240
11/10/2010,107.1937,9631
11/11/2010,105.1514,14599
11/12/2010,104.5874,49462
11/15/2010,105.9855,29658
11/16/2010,106.0991,42845
11/17/2010,104.7587,37574
11/18/2010,103.8909,41536
11/19/2010,104.7693,46910
11/22/2010,103.8825,12995
11/23/2010,104.1835,30186
11/24/2010,104.2718,34245
11/25/2010,103.4877,27813
11/26/2010,106.1812,18276
11/29/2010,107.0208,24989
11/30/2010,104.4521,17746
12/01/2010,104.7172,49243
12/02/2010,103.917,23557
12/03/2010,105.0111,33060
12/06/2010,104.044,11568
12/07/2010,103.9319,40369
12/08/2010,104.5929,24041
12/09/2010,105.7109,11080
12/10/2010,104.22,18854
12/13/2010,103.8329,7159
12/14/2010,103.2723,32025
12/15/2010,102.4936,46081
12/16/2010,104.6958,9368
12/17/2010,105.236,39085
12/20/2010,103.6753,32094
12/21/2010,104.8483,6230
12/22/2010,107.5498,22517
12/23/2010,108.9145,28991
12/24/2010,106.9614,6301
12/27/2010,106.372,33610
12/28/2010,108.0211,20927
12/29/2010,107.1362,39678
12/30/2010,107.7389,29466
12/31/2010,108.7727,19904
01/03/2011,107.5955,45875
01/04/2011,107.5509,31081
01/05/2011,103.3999,29354
01/06/2011,102.1599,32761
01/07/2011,101.8809,23300
01/10/2011,100.386,34491
01/11/2011,102.3825,40525
01/12/2011,100.6562,31532
01/13/2011,100.1549,11464
01/14/2011,100.3421,21562
01/17/2011,102.1076,46856
01/18/2011,100.3789,47511
01/19/2011,101.8101,13683
01/20/2011,101.8531,37634
01/21/2011,100.684,5060
01/24/2011,101.2726,14269
01/25/2011,101.5449,28065
01/26/2011,100.8439,7895
01/27/2011,100.9587,20323
01/28/2011,100.5221,17352
01/31/2011,100.6892,49643
02/01/2011,101.5195,43591
02/02/2011,103.4821,35890
02/03/2011,101.976,37016
02/04/2011,104.6168,16962
02/07/2011,102.1975,38302
02/08/2011,102.0421,24846
02/09/2011,102.7931,9011
02/10/2011,103.1705,24782
02/11/2011,102.4305,7155
02/14/2011,102.2054,44725
02/15/2011,101.6315,14196
02/16/2011,100.9432,48459
02/17/2011,102.0026,26709
02/18/2011,102.4702,18327
02/21/2011,101.6489,40474
02/22/2011,102.7767,37769
02/23/2011,103.1866,46993
02/24/2011,104.224,29700
02/25/2011,105.0428,19820
02/28/2011,104.0293,15891
03/01/2011,103.3612,39629
03/02/2011,104.3191,10269
03/03/2011,105.1145,48880
03/04/2011,105.1197,13320
03/07/2011,105.2992,15740
03/08/2011,106.9452,40897
03/09/2011,106.2181,35930
03/10/2011,106.9473,22285
03/11/2011,106.7199,19380
03/14/2011,106.4732,16360
03/15/2011,107.909,10398
03/16/2011,109.0102,10529
03/17/2011,110.1071,34062
03/18/2011,111.865,41686
03/21/2011,111.9268,22451
03/22/2011,112.8763,11937
03/23/2011,112.4899,44886
03/24/2011,112.9612,15860
03/25/2011,112.8187,30142
03/28/2011,112.9839,30279
03/29/2011,113.8247,43106
03/30/2011,112.7412,40908
03/31/2011,115.6058,45764
04/01/2011,114.2449,19201
04/04/2011,112.6146,45544
04/05/2011,114.2134,42711
04/06/2011,115.3327,13997
04/07/2011,116.2311,45566
04/08/2011,117.1424,25175
04/11/2011,117.1603,45860
04/12/2011,115.934,8225
04/13/2011,116.0742,49578
04/14/2011,115.1658,40228
04/15/2011,116.548,46505
04/18/2011,116.3773,28110
04/19/2011,115.2593,15754
04/20/2011,114.8494,31655
04/21/2011,115.453,48601
04/22/2011,114.7066,8114
04/25/2011,113.6092,31502
04/26/2011,113.9755,25028
04/27/2011,114.3448,22587
04/28/2011,113.6835,47719
04/29/2011,113.075,40333
05/02/2011,113.4238,8174
05/03/2011,111.4869,40398
05/04/2011,109.6373,40929
05/05/2011,108.725,9321
05/06/2011,108.4791,35435
05/09/2011,108.9164,12099
05/10/2011,110.8774,28760
05/11/2011,112.0518,16360
05/12/2011,111.8703,15313
05/13/2011,111.8784,25462
05/16/2011,110.566,10801
05/17/2011,110.5746,19130
05/18/2011,110.2247,19271
05/19/2011,110.6847,21075
05/20/2011,109.6191,41919
05/23/2011,110.3352,46679
05/24/2011,112.3977,23984
05/25/2011,112.2847,27559
05/26/2011,112.8597,17861
05/27/2011,113.8282,38434
05/30/2011,113.3143,21667
05/31/2011,113.653,10840
06/01/2011,113.7043,8565
06/02/2011,113.8717,48194
06/03/2011,112.8495,25977
06/06/2011,112.9166,26118
06/07/2011,113.6252,27641
06/08/2011,115.638,12366
06/09/2011,117.0038,31636
06/10/2011,120.0621,20630
06/13/2011,118.9925,25056
06/14/2011,120.2738,12382
06/15/2011,120.5745,21149
06/16/2011,123.7791,5992
06/17/2011,122.6156,11858
06/20/2011,121.4169,7121
06/21/2011,120.58,32160
06/22/2011,117.543,25906
06/23/2011,116.8366,24572
06/24/2011,115.8073,9136
06/27/2011,116.0511,21727
06/28/2011,116.5618,37167
06/29/2011,119.2211,20479
06/30/2011,120.6166,36376
07/01/2011,119.8178,9823
07/04/2011,118.5619,9920
07/05/2011,119.2974,24585
07/06/2011,117.4432,43239
07/07/2011,120.0595,22272
07/08/2011,121.7948,31619
07/11/2011,121.1456,14533
07/12/2011,118.6915,44895
07/13/2011,120.6554,8720
07/14/2011,120.5258,24267
07/15/2011,122.3522,20696
07/18/2011,120.0479,34968
07/19/2011,119.2205,28345
07/20/2011,119.2637,30693
07/21/2011,119.3668,24385
07/22/2011,118.7579,23122
07/25/2011,119.6811,6364
07/26/2011,118.1838,7708
07/27/2011,118.0173,17982
07/28/2011,118.2231,22308
07/29/2011,118.9883,37919
08/01/2011,120.0401,30161
08/02/2011,118.4561,40089
08/03/2011,116.3109,18865
08/04/2011,118.1291,5495
08/05/2011,118.6356,49755
08/08/2011,117.6057,7148
08/09/2011,119.83,38324
08/10/2011,120.0323,18393
08/11/2011,121.767,6552
08/12/2011,121.9022,40853
08/15/2011,124.9533,37924
08/16/2011,127.6228,13926
08/17/2011,127.2798,35851
08/18/2011,128.8019,28889
08/19/2011,129.838,44930
08/22/2011,132.0094,13055
08/23/2011,130.5205,9654
08/24/2011,131.6341,27634
08/25/2011,133.3455,37363
08/26/2011,130.5713,16468
08/29/2011,128.7565,37922
08/30/2011,125.6443,45718
08/31/2011,125.2758,22380
09/01/2011,126.3921,31870
09/02/2011,128.7086,42394
09/05/2011,128.8617,19259
09/06/2011,131.4187,19873
09/07/2011,129.2817,18016
09/08/2011,126.6779,47137
09/09/2011,126.6315,5153
09/12/2011,127.2531,12853
09/13/2011,127.2413,17379
09/14/2011,124.1227,20792
09/15/2011,124.0272,43367
09/16/2011,122.123,23100
09/19/2011,123.141,16049
09/20/2011,123.7196,5786
09/21/2011,122.3614,9368
09/22/2011,121.6436,35699
09/23/2011,120.1339,42040
09/26/2011,120.0796,32454
09/27/2011,121.4919,43762
09/28/2011,120.0913,28600
09/29/2011,120.8537,34238
09/30/2011,120.1209,30241
10/03/2011,119.0141,24810
10/04/2011,118.8969,25167
10/05/2011,117.4555,26811
10/06/2011,116.7104,44779
10/07/2011,115.0678,25085
10/10/2011,117.8152,14261
10/11/2011,117.9004,23733
10/12/2011,116.9458,44779
10/13/2011,117.2812,34079
10/14/2011,117.1583,38980
10/17/2011,116.8828,19141
10/18/2011,117.7793,14344
10/19/2011,118.8852,44472
10/20/2011,118.1641,20896
10/21/2011,117.383,28817
10/24/2011,117.0308,34813
10/25/2011,113.8332,23895
10/26/2011,111.7976,5143
10/27/2011,113.6649,15681
10/28/2011,115.9427,12367
10/31/2011,115.631,8228
11/01/2011,116.4657,9582
11/02/2011,116.9356,18147
11/03/2011,121.2911,16397
11/04/2011,122.957,43799
11/07/2011,122.8051,42011
11/08/2011,121.4338,18647
11/09/2011,119.1293,32718
11/10/2011,119.4559,49264
11/11/2011,118.4076,47317
11/14/2011,116.4222,24097
11/15/2011,115.5538,41953
11/16/2011,114.0888,45096
11/17/2011,116.4328,22107
11/18/2011,117.6996,8010
11/21/2011,117.7236,10555
11/22/2011,119.8496,5067
11/23/2011,119.9968,33412
11/24/2011,118.7926,49953
11/25/2011,120.9995,39305
11/28/2011,121.8183,16549
11/29/2011,120.3386,10680
11/30/2011,120.0998,30739
12/01/2011,118.8739,26209
12/02/2011,116.937,46515
12/05/2011,118.2718,27432
12/06/2011,121.0172,20116
12/07/2011,119.0225,25045
12/08/2011,119.8623,31327
12/09/2011,118.9624,40709
12/12/2011,118.3027,48617
12/13/2011,117.4972,31905
12/14/2011,116.3142,12067
12/15/2011,116.4169,37559
12/16/2011,115.2909,47919
12/19/2011,115.6997,22985
12/20/2011,115.6647,32369
12/21/2011,115.3677,22864
12/22/2011,114.1459,27614
12/23/2011,113.3901,20613
12/26/2011,114.4519,11447
12/27/2011,115.1743,10499
12/28/2011,113.8577,44041
12/29/2011,114.0276,36315
12/30/2011,115.09,6299
01/02/2012,112.8189,44469
01/03/2012,113.5884,9994
01/04/2012,112.7193,34878
01/05/2012,113.5249,20627
01/06/2012,112.5191,12489
01/09/2012,110.1159,31111
01/10/2012,107.9983,37355
01/11/2012,108.093,13269
01/12/2012,108.4623,7831
01/13/2012,107.3179,49370
01/16/2012,108.1725,16819
01/17/2012,106.0481,29813
01/18/2012,105.9959,26637
01/19/2012,104.4873,6996
01/20/2012,103.7014,49387
01/23/2012,103.7914,8089
01/24/2012,102.7509,38291
01/25/2012,102.3076,25659
01/26/2012,103.5737,35429
01/27/2012,102.8878,20732
01/30/2012,103.9504,24506
01/31/2012,102.5724,45935
02/01/2012,103.2553,10190
02/02/2012,105.0725,9575
02/03/2012,101.9876,45495
02/06/2012,101.0429,39565
02/07/2012,101.7729,39899
02/08/2012,101.5555,28706
02/09/2012,102.0382,27884
02/10/2012,101.3293,22199
02/13/2012,101.465,49100
02/14/2012,101.3059,44434
02/15/2012,102.7559,17479
02/16/2012,103.1005,39178
02/17/2012,103.5491,17665
02/20/2012,103.0683,5534
02/21/2012,102.4962,31292
02/22/2012,101.9949,41132
02/23/2012,102.5083,41110
02/24/2012,102.0212,27469
02/27/2012,102.4065,42268
02/28/2012,104.9877,6172
02/29/2012,106.1167,32914
03/01/2012,105.7333,25901
03/02/2012,107.2892,45775
03/05/2012,106.796,39409
03/06/2012,104.216,24324
03/07/2012,102.9866,13738
03/08/2012,100.7055,42494
03/09/2012,100.3109,49557
03/12/2012,100.3632,29054
03/13/2012,102.4123,34709
03/14/2012,102.8448,48785
03/15/2012,102.6053,25107
03/16/2012,103.6573,5363
03/19/2012,100.938,15358
03/20/2012,101.2536,41077
03/21/2012,102.2207,8240
03/22/2012,100.4376,11665
03/23/2012,101.8463,6936
03/26/2012,102.2905,30538
03/27/2012,101.8114,48965
03/28/2012,102.6151,16998
03/29/2012,105.4419,5882
03/30/2012,105.7037,25224
04/02/2012,106.0503,44691
04/03/2012,105.4975,35825
04/04/2012,104.4533,10204
04/05/2012,105.5254,33885
04/06/2012,104.473,45056
04/09/2012,104.594,8203
04/10/2012,104.0259,7244
04/11/2012,104.655,37786
04/12/2012,105.1054,8083
04/13/2012,106.4456,26584
04/16/2012,105.826,13521
04/17/2012,105.5151,38541
04/18/2012,104.3074,34063
04/19/2012,103.7826,9732
04/20/2012,104.2836,32518
04/23/2012,105.2622,44563
04/24/2012,104.129,44752
04/25/2012,105.2468,34697
04/26/2012,106.9905,7567
04/27/2012,107.5534,21121
04/30/2012,110.008,6674
05/01/2012,109.0195,15875
05/02/2012,107.4239,49340
05/03/2012,105.1632,5739
05/04/2012,107.0827,6545
05/07/2012,107.9557,34140
05/08/2012,107.916,14327
05/09/2012,108.311,10127
05/10/2012,106.8806,28331
05/11/2012,110.0495,28004
05/14/2012,110.2532,46833
05/15/2012,110.431,15492
05/16/2012,111.4259,18749
05/17/2012,112.1025,28508
05/18/2012,112.4373,14045
05/21/2012,111.4045,25116
05/22/2012,112.0682,23667
05/23/2012,114.6328,14521
05/24/2012,116.5179,13669
05/25/2012,118.7805,32302
05/28/2012,118.0875,16283
05/29/2012,116.7206,35935
05/30/2012,116.5794,11998
05/31/2012,116.6923,33806
06/01/2012,118.2596,36624
06/04/2012,115.8932,18440
06/05/2012,118.0552,26797
06/06/2012,117.8668,6269
06/07/2012,117.2983,12868
06/08/2012,115.9089,35251
06/11/2012,113.6419,17373
06/12/2012,114.7986,23987
06/13/2012,114.934,43729
06/14/2012,113.1894,20734
06/15/2012,111.4643,47429
06/18/2012,111.0486,46337
06/19/2012,113.306,45325
06/20/2012,112.987,23064
06/21/2012,110.9829,13433
06/22/2012,110.6889,14111
06/25/2012,110.3599,43450
06/26/2012,106.8214,20047
06/27/2012,106.7839,13084
06/28/2012,106.52,26751
06/29/2012,107.4419,21453
07/02/2012,109.858,25308
07/03/2012,111.3761,43968
07/04/2012,111.0501,35077
07/05/2012,109.6089,48046
07/06/2012,113.0265,39775
07/09/2012,113.1407,29503
07/10/2012,113.1936,7779
07/11/2012,113.1948,26304
07/12/2012,113.4978,5755
07/13/2012,113.3352,44263
07/16/2012,112.589,47955
07/17/2012,111.884,47281
07/18/2012,111.8736,22400
07/19/2012,111.1776,45115
07/20/2012,110.2599,19249
07/23/2012,110.4338,49825
07/24/2012,110.129,29600
07/25/2012,112.1497,42706
07/26/2012,108.6157,24222
07/27/2012,110.0709,38505
07/30/2012,111.7498,43968
07/31/2012,109.0029,46139
08/01/2012,108.5874,46302
08/02/2012,108.136,34148
08/03/2012,106.342,27302
08/06/2012,105.3813,7623
08/07/2012,104.0085,13646
08/08/2012,106.2267,18543
08/09/2012,107.4513,33960
08/10/2012,109.1231,27785
08/13/2012,110.1009,17817
08/14/2012,108.6422,36406
08/15/2012,107.9909,28456
08/16/2012,108.6575,28777
08/17/2012,107.0966,25914
08/20/2012,108.045,34553
08/21/2012,107.7659,28548
08/22/2012,107.3135,42265
08/23/2012,108.2612,45701
08/24/2012,108.8709,11727
08/27/2012,108.4319,49924
08/28/2012,109.973,37427
08/29/2012,108.5793,21692
08/30/2012,109.4144,36625
08/31/2012,110.226,29918
09/03/2012,109.8496,46395
09/04/2012,110.3124,46136
09/05/2012,108.6894,20577
09/06/2012,109.9272,24619
09/07/2012,109.7162,38710
09/10/2012,109.0609,42388
09/11/2012,110.4665,21195
09/12/2012,109.566,32689
09/13/2012,107.747,16154
09/14/2012,105.7667,44121
09/17/2012,106.5676,34412
09/18/2012,104.9621,26341
09/19/2012,107.2038,37018
09/20/2012,104.5577,14145
09/21/2012,106.7176,47262
09/24/2012,107.0199,27223
09/25/2012,106.9278,7880
09/26/2012,106.2606,26271
09/27/2012,106.8015,38313
09/28/2012,106.7853,18304
10/01/2012,108.2311,39695
10/02/2012,108.4119,35225
10/03/2012,108.64,25536
10/04/2012,108.1985,35831
10/05/2012,108.1571,16673
10/08/2012,108.589,26917
10/09/2012,106.3931,32829
10/10/2012,104.7038,20372
10/11/2012,105.6691,30938
10/12/2012,105.9174,7663
10/15/2012,105.7154,14465
10/16/2012,105.7705,8326
10/17/2012,106.2434,8659
10/18/2012,105.5871,32594
10/19/2012,104.6326,9763
10/22/2012,104.9099,28121
10/23/2012,103.7097,15828
10/24/2012,104.2489,16221
10/25/2012,102.1502,16211
10/26/2012,103.4424,18569
10/29/2012,104.0601,36358
10/30/2012,104.411,42860
10/31/2012,105.6736,11022
11/01/2012,107.8172,18515
11/02/2012,109.162,11159
11/05/2012,106.7833,46213
11/06/2012,105.1757,26691
11/07/2012,104.4186,29904
11/08/2012,104.4827,48790
11/09/2012,105.163,8044
11/12/2012,104.2787,14612
11/13/2012,104.5437,10636
11/14/2012,103.6275,16593
11/15/2012,102.8981,7892
11/16/2012,101.1921,26672
11/19/2012,100.1013,10812
11/20/2012,98.5077,36085
11/21/2012,97.3837,5654
11/22/2012,98.6442,22143
11/23/2012,97.5499,6798
11/26/2012,100.6607,42927
11/27/2012,101.2868,34087
11/28/2012,101.5418,16618
11/29/2012,100.5264,13446
11/30/2012,101.4013,26646
12/03/2012,100.7313,41591
12/04/2012,100.909,32200
12/05/2012,104.0393,34571
12/06/2012,103.9506,27538
12/07/2012,105.4154,45555
12/10/2012,104.5575,48964
12/11/2012,104.5449,25900
12/12/2012,106.7979,27356
12/13/2012,106.0264,28023
12/14/2012,108.3642,44148
12/17/2012,109.3171,22392
12/18/2012,108.612,25698
12/19/2012,109.4688,47470
12/20/2012,110.7792,31535
12/21/2012,111.6391,40450
12/24/2012,109.569,38757
12/25/2012,108.6458,17476
12/26/2012,108.3557,46214
12/27/2012,108.2914,9711
12/28/2012,109.1305,11479
12/31/2012,109.3959,36390
01/01/2013,107.6758,18161
01/02/2013,108.1993,37152
01/03/2013,109.0246,19635
01/04/2013,109.7896,45843
01/07/2013,111.2465,35297
01/08/2013,112.3931,25836
01/09/2013,113.0461,29831
01/10/2013,112.9849,6007
01/11/2013,110.7668,31331
01/14/2013,111.3711,45456
01/15/2013,111.682,15763
01/16/2013,112.0795,8908
01/17/2013,110.396,32573
01/18/2013,108.997,24187
01/21/2013,110.4071,16957
01/22/2013,110.3879,9379
01/23/2013,111.3237,32959
01/24/2013,111.395,21482
01/25/2013,111.4681,32105
01/28/2013,112.7567,5877
01/29/2013,112.0922,23252
01/30/2013,112.2551,36334
01/31/2013,111.6661,24049
02/01/2013,111.1174,22772
02/04/2013,110.7385,7637
02/05/2013,111.0669,12242
02/06/2013,110.4621,47025
02/07/2013,112.1598,46381
02/08/2013,110.9894,40651
02/11/2013,110.7738,38972
02/12/2013,110.2225,21928
02/13/2013,112.1695,33742
02/14/2013,112.4677,16831
02/15/2013,113.894,24556
02/18/2013,111.8978,30343
02/19/2013,112.29,27834
02/20/2013,113.5224,44288
02/21/2013,113.6686,38422
02/22/2013,115.156,28205
02/25/2013,114.4757,23830
02/26/2013,116.4461,13412
02/27/2013,119.6934,8666
02/28/2013,119.2082,42045
03/01/2013,118.6066,25786
03/04/2013,120.7108,10515
03/05/2013,123.0351,46973
03/06/2013,122.3,31627
03/07/2013,121.72,20198
03/08/2013,121.345,8985
03/11/2013,119.4237,45935
03/12/2013,118.143,34475
03/13/2013,116.7548,45216
03/14/2013,115.7141,24403
03/15/2013,115.7007,8681
03/18/2013,116.0606,31019
03/19/2013,118.2548,32586
03/20/2013,116.8736,47292
03/21/2013,118.2891,42521
03/22/2013,118.0209,44850
03/25/2013,117.9862,41770
03/26/2013,118.9771,10629
03/27/2013,117.4098,32710
03/28/2013,117.9838,35328
03/29/2013,118.2549,17278
04/01/2013,118.9892,13417
04/02/2013,119.4378,39765
04/03/2013,122.9927,13963
04/04/2013,122.0883,42292
04/05/2013,121.347,30009
04/08/2013,120.476,32675
04/09/2013,119.7091,41175
04/10/2013,118.8294,11731
04/11/2013,120.5605,45563
04/12/2013,122.6518,16332
04/15/2013,121.8485,24177
04/16/2013,120.668,28718
04/17/2013,121.3868,7911
04/18/2013,120.6189,23799
04/19/2013,121.5712,20194
04/22/2013,121.9037,9951
04/23/2013,119.723,45866
04/24/2013,121.9821,33333
04/25/2013,124.6475,26673
04/26/2013,123.7683,45870
04/29/2013,123.2296,10565
04/30/2013,123.6893,27821
05/01/2013,124.2228,30494
05/02/2013,125.2418,38941
05/03/2013,128.3005,13624
05/06/2013,128.0666,5835
05/07/2013,126.8782,23646
05/08/2013,124.8162,16824
05/09/2013,123.7588,42335
05/10/2013,123.7468,8815
05/13/2013,126.4487,7429
05/14/2013,125.7012,46950
05/15/2013,126.0765,46886
05/16/2013,126.0895,49398
05/17/2013,127.9254,7607
05/20/2013,131.8429,30650
05/21/2013,131.0426,43698
05/22/2013,130.3123,37353
05/23/2013,131.9842,41790
05/24/2013,133.1037,16991
05/27/2013,136.0933,26168
05/28/2013,137.0878,36099
05/29/2013,136.5378,44385
05/30/2013,137.5466,40919
05/31/2013,139.4178,36416
06/03/2013,140.8323,10580
06/04/2013,141.7318,12054
06/05/2013,143.5885,29090
06/06/2013,145.6464,45387
06/07/2013,148.1058,20823
06/10/2013,149.3031,42341
06/11/2013,149.0485,20339
06/12/2013,149.3556,8491
06/13/2013,151.5628,5706
06/14/2013,150.1225,36957
06/17/2013,150.8317,20728
06/18/2013,150.165,11997
06/19/2013,150.2618,43001
06/20/2013,152.6121,43523
06/21/2013,153.0079,30163
06/24/2013,153.1391,22718
06/25/2013,150.686,26972
06/26/2013,152.0806,23231
06/27/2013,153.3043,44619
06/28/2013,157.3299,17126
07/01/2013,156.796,28595
07/02/2013,157.2554,45633
07/03/2013,157.7732,17118
07/04/2013,160.8071,8317
07/05/2013,160.6714,49980
07/08/2013,161.2576,49115
07/09/2013,162.4823,48158
07/10/2013,162.8949,44828
07/11/2013,162.0711,20504
07/12/2013,162.4972,8057
07/15/2013,164.6395,31660
07/16/2013,162.6608,42196
07/17/2013,162.9692,5402
07/18/2013,161.6489,13605
07/19/2013,164.0155,20761
07/22/2013,161.0668,32043
07/23/2013,160.0348,38635
07/24/2013,160.8072,18779
07/25/2013,163.8765,20155
07/26/2013,163.7963,45978
07/29/2013,162.7542,38132
07/30/2013,166.477,28851
07/31/2013,163.6342,20366
08/01/2013,159.3657,33408
08/02/2013,160.255,11571
08/05/2013,159.3376,19017
08/06/2013,157.4327,44236
08/07/2013,158.8182,9150
08/08/2013,159.3305,24423
08/09/2013,158.2998,9137
08/12/2013,155.9152,34992
08/13/2013,157.5943,33902
08/14/2013,158.8712,49921
08/15/2013,158.7298,18833
08/16/2013,162.2948,6381
08/19/2013,160.2595,13154
08/20/2013,157.3738,39235
08/21/2013,156.1144,18439
08/22/2013,156.0758,24122
08/23/2013,156.5784,28956
08/26/2013,156.1721,22264
08/27/2013,156.8787,49774
08/28/2013,154.5697,8149
08/29/2013,157.294,29660
08/30/2013,157.1861,45660
09/02/2013,159.3408,25528
09/03/2013,160.0439,6168
09/04/2013,160.9691,40897
09/05/2013,162.118,20032
09/06/2013,163.0376,40294
09/09/2013,164.344,48827
09/10/2013,167.0145,8516
09/11/2013,167.4585,24751
09/12/2013,168.9335,35373
09/13/2013,168.8022,35270
09/16/2013,171.77,15386
09/17/2013,170.4273,41323
09/18/2013,174.1616,19157
09/19/2013,174.1299,42879
09/20/2013,171.1925,44520
09/23/2013,171.507,44132
09/24/2013,170.1568,8626
09/25/2013,171.9244,25400
09/26/2013,170.6295,41643
09/27/2013,169.7671,43265
09/30/2013,165.9687,20979
10/01/2013,165.1176,16529
10/02/2013,160.3645,21645
10/03/2013,157.3645,31424
10/04/2013,158.8477,18382
10/07/2013,160.3932,9025
10/08/2013,161.2602,48226
10/09/2013,159.4374,18844
10/10/2013,159.3939,9175
10/11/2013,159.4349,35519
10/14/2013,157.2665,14174
10/15/2013,160.1509,8443
10/16/2013,161.8851,26395
10/17/2013,161.5044,15725
10/18/2013,161.6049,38461
10/21/2013,162.0575,46115
10/22/2013,158.1356,49548
10/23/2013,157.714,36351
10/24/2013,156.4706,23196
10/25/2013,154.6368,19254
10/28/2013,154.1616,19021
10/29/2013,157.5335,10724
10/30/2013,158.7922,33690
10/31/2013,157.7514,6407
11/01/2013,158.8827,13032
11/04/2013,161.5983,22794
11/05/2013,163.4399,24881
11/06/2013,163.6058,25756
11/07/2013,162.3848,45162
11/08/2013,163.7941,34416
11/11/2013,164.6166,49354
11/12/2013,166.4344,30752
11/13/2013,167.7529,17926
11/14/2013,169.916,38765
11/15/2013,168.8756,19390
11/18/2013,171.596,43867
11/19/2013,172.0544,26939
11/20/2013,176.3907,32307
11/21/2013,174.9848,35828
11/22/2013,178.6825,33513
11/25/2013,179.1605,29502
11/26/2013,177.8137,35063
11/27/2013,176.8346,27486
11/28/2013,176.2078,43258
11/29/2013,177.1576,36692
12/02/2013,178.3222,43384
12/03/2013,177.1481,20958
12/04/2013,177.1495,40016
12/05/2013,181.7566,22232
12/06/2013,185.5791,15748
12/09/2013,186.6064,15514
12/10/2013,186.7475,27738
12/11/2013,187.0725,13695
12/12/2013,188.5059,13070
12/13/2013,186.2488,32765
12/16/2013,185.7295,46662
12/17/2013,182.0663,35761
12/18/2013,182.9931,21698
12/19/2013,184.4692,20123
12/20/2013,183.455,40144
12/23/2013,186.9751,30616
12/24/2013,184.2809,42146
12/25/2013,181.0979,16182
12/26/2013,181.64,29833
12/27/2013,183.9769,38342
12/30/2013,187.7497,36331
12/31/2013,186.7722,31128
01/01/2014,189.2458,36556
01/02/2014,189.2151,26969
01/03/2014,188.8799,26876
01/06/2014,190.9395,13949
01/07/2014,192.4914,29518
01/08/2014,188.9078,10670
01/09/2014,192.3117,29099
01/10/2014,195.5543,44335
01/13/2014,194.1449,17716
01/14/2014,195.1253,43885
01/15/2014,196.3406,12837
01/16/2014,197.0137,24159
01/17/2014,195.7718,46266
01/20/2014,194.2527,41877
01/21/2014,194.2514,26560
01/22/2014,197.0433,22106
01/23/2014,198.3878,13720
01/24/2014,197.565,42661
01/27/2014,199.4538,33362
01/28/2014,192.6958,33258
01/29/2014,195.41,26782
01/30/2014,191.3891,46168
01/31/2014,190.6141,26120
02/03/2014,188.1102,24790
02/04/2014,185.2441,32912
02/05/2014,187.8801,47907
02/06/2014,186.882,39812
02/07/2014,187.7152,41160
02/10/2014,187.6658,24156
02/11/2014,188.7964,15672
02/12/2014,189.0271,19444
02/13/2014,186.1735,11784
02/14/2014,188.4551,22929
02/17/2014,187.395,6070
02/18/2014,183.9509,27906
02/19/2014,183.0611,39618
02/20/2014,186.4128,7939
02/21/2014,188.3706,34841
02/24/2014,187.639,47863
02/25/2014,186.9089,21301
02/26/2014,186.2435,12194
02/27/2014,190.9408,10851
02/28/2014,191.8732,21378
03/03/2014,192.9209,5678
03/04/2014,195.364,35640
03/05/2014,195.9824,38756
03/06/2014,195.432,34777
03/07/2014,195.0301,31183
03/10/2014,194.921,32445
03/11/2014,194.8925,6502
03/12/2014,196.6526,26665
03/13/2014,196.8342,21198
03/14/2014,198.6238,26411
03/17/2014,198.491,20867
03/18/2014,198.7378,19266
03/19/2014,194.032,44422
03/20/2014,196.2238,40208
03/21/2014,197.0985,48002
03/24/2014,199.5181,36213
03/25/2014,192.6437,12367
03/26/2014,197.5293,18490
03/27/2014,197.2577,40362
03/28/2014,199.94,43285
03/31/2014,197.505,14219
04/01/2014,199.0165,11310
04/02/2014,196.5605,41307
04/03/2014,195.1481,34631
04/04/2014,199.6889,19744
04/07/2014,199.2919,24867
04/08/2014,199.8717,23625
04/09/2014,202.0184,11378
04/10/2014,203.2807,24149
04/11/2014,203.7086,47133
04/14/2014,204.6619,16422
04/15/2014,210.6259,32926
04/16/2014,210.5435,42679
04/17/2014,211.1147,38171
04/18/2014,213.8398,18180
04/21/2014,216.7408,32301
04/22/2014,219.8931,41931
04/23/2014,221.6445,29014
04/24/2014,218.6709,35936
04/25/2014,223.0227,19336
04/28/2014,220.0217,27200
04/29/2014,220.8868,10470
04/30/2014,218.9537,35859
05/01/2014,218.8509,19953
05/02/2014,219.7799,44044
05/05/2014,220.6934,43507
05/06/2014,221.877,32433
05/07/2014,226.2401,30957
05/08/2014,227.5393,11523
05/09/2014,226.9409,26387
05/12/2014,229.6344,36169
05/13/2014,232.981,27990
05/14/2014,229.6188,34661
05/15/2014,231.3338,18419
05/16/2014,233.3497,19457
05/19/2014,232.5864,7064
05/20/2014,236.4959,43083
05/21/2014,236.1409,15566
05/22/2014,236.5676,38085
05/23/2014,236.1473,36528
05/26/2014,236.2623,11130
05/27/2014,233.2251,45187
05/28/2014,229.2648,7042
05/29/2014,233.7203,9598
05/30/2014,231.415,47982
06/02/2014,228.7313,37886
06/03/2014,222.8894,38477
06/04/2014,221.2472,33716
06/05/2014,217.8009,17601
06/06/2014,222.1578,41018
06/09/2014,224.9165,13061
06/10/2014,223.1267,13609
06/11/2014,229.2245,40371
06/12/2014,231.9938,49814
06/13/2014,231.1591,22485
06/16/2014,224.2953,25805
06/17/2014,230.5288,12857
06/18/2014,226.7539,16620
06/19/2014,222.3447,13177
06/20/2014,225.1398,35111
06/23/2014,231.7988,28042
06/24/2014,235.7188,23645
06/25/2014,237.3846,29405
06/26/2014,239.15,16826
06/27/2014,241.6709,18890
06/30/2014,243.9443,21892
07/01/2014,244.8407,14484
07/02/2014,245.2203,10495
07/03/2014,245.1096,33481
07/04/2014,242.9655,16267
07/07/2014,242.2201,45166
07/08/2014,237.3719,11743
07/09/2014,237.163,42939
07/10/2014,234.4207,31569
07/11/2014,231.3866,33552
07/14/2014,231.9555,48730
07/15/2014,235.8997,33948
07/16/2014,238.57,15775
07/17/2014,234.1455,8557
07/18/2014,231.4351,8587
07/21/2014,234.1173,21535
07/22/2014,231.4273,5954
07/23/2014,230.8729,28544
07/24/2014,232.4661,38455
07/25/2014,229.8345,46269
07/28/2014,230.1941,20138
07/29/2014,226.5781,47462
07/30/2014,225.011,8127
07/31/2014,225.942,28147
08/01/2014,221.6907,16559
08/04/2014,222.929,8395
08/05/2014,222.9433,30389
08/06/2014,224.4883,5845
08/07/2014,225.1588,38932
08/08/2014,228.9122,43672
08/11/2014,229.3248,18731
08/12/2014,228.2119,38122
08/13/2014,228.6153,40585
08/14/2014,230.1744,8832
08/15/2014,230.3784,37332
08/18/2014,230.5597,17467
08/19/2014,228.6867,46025
08/20/2014,226.9361,18107
08/21/2014,223.1846,17458
08/22/2014,227.9373,33666
08/25/2014,224.6034,48481
08/26/2014,222.8032,7581
08/27/2014,220.9493,14582
08/28/2014,223.3884,13418
08/29/2014,222.6647,33091
09/01/2014,226.0655,34113
09/02/2014,224.3063,23827
09/03/2014,225.1245,19419
09/04/2014,222.9354,16814
09/05/2014,228.741,38804
09/08/2014,225.5498,15024
09/09/2014,226.456,48700
09/10/2014,228.2462,12435
09/11/2014,229.4481,6548
09/12/2014,229.0067,10065
09/15/2014,228.7187,27880
09/16/2014,228.9075,8407
09/17/2014,228.5724,38407
09/18/2014,231.2848,37940
09/19/2014,237.4893,10666
09/22/2014,235.9718,42122
09/23/2014,232.1637,30092
09/24/2014,231.9874,15109
09/25/2014,239.2386,40654
09/26/2014,237.0031,39932
09/29/2014,241.7359,31505
09/30/2014,246.6751,41713
10/01/2014,245.1105,48169
10/02/2014,246.8576,12746
10/03/2014,251.7554,16975
10/06/2014,250.6856,45522
10/07/2014,250.1484,20596
10/08/2014,248.4773,42953
10/09/2014,245.5261,38861
10/10/2014,243.6868,8880
10/13/2014,240.1808,48454
10/14/2014,240.3511,48539
10/15/2014,238.2025,48448
10/16/2014,238.9422,7785
10/17/2014,234.5526,27449
10/20/2014,235.5543,19799
10/21/2014,237.9811,44307
10/22/2014,232.3588,48333
10/23/2014,233.4715,45828
10/24/2014,236.981,8990
10/27/2014,233.6122,24073
10/28/2014,238.3711,41863
10/29/2014,239.6412,19549
10/30/2014,237.6857,23259
10/31/2014,237.5979,24790
11/03/2014,239.2611,14979
11/04/2014,239.5511,25316
11/05/2014,241.1717,31183
11/06/2014,238.5795,33324
11/07/2014,239.136,29624
11/10/2014,235.1509,43176
11/11/2014,234.9076,25245
11/12/2014,232.43,28790
11/13/2014,230.4482,31756
11/14/2014,233.9356,7833
11/17/2014,237.0694,10285
11/18/2014,238.8734,14589
11/19/2014,235.814,19116
11/20/2014,234.9893,12645
11/21/2014,238.4806,49786
11/24/2014,238.9577,34150
11/25/2014,245.6801,15889
11/26/2014,246.9133,35286
11/27/2014,247.5564,42545
11/28/2014,246.7124,20994
12/01/2014,247.1818,40503
12/02/2014,246.8037,29662
12/03/2014,248.9749,44136
12/04/2014,251.9079,31639
12/05/2014,249.6075,22205
12/08/2014,245.695,37930
12/09/2014,240.3549,12777
12/10/2014,241.8922,33315
12/11/2014,238.762,31973
12/12/2014,232.6653,23316
12/15/2014,233.82,32304
12/16/2014,240.8851,41303
12/17/2014,240.9399,35522
12/18/2014,243.4364,27340
12/19/2014,243.7485,24830
12/22/2014,243.5324,18403
12/23/2014,246.2914,19516
12/24/2014,245.5073,24091
12/25/2014,246.3687,12959
12/26/2014,247.3937,36932
12/29/2014,245.4846,35554
12/30/2014,248.4806,41701
12/31/2014,248.0335,8385
01/01/2015,245.8585,38690
01/02/2015,247.5151,15367
01/05/2015,244.9207,38332
01/06/2015,245.077,24642
01/07/2015,245.1237,15789
01/08/2015,248.3914,40268
01/09/2015,249.8809,25950
01/12/2015,249.8808,30563
01/13/2015,252.4079,44649
01/14/2015,256.6944,41404
01/15/2015,258.4896,37991
01/16/2015,258.5993,44065
01/19/2015,254.606,5350
01/20/2015,251.4282,23312
01/21/2015,250.5827,29127
01/22/2015,248.8251,33853
01/23/2015,248.3414,42500
01/26/2015,248.5848,38785
01/27/2015,250.2394,23610
01/28/2015,250.1028,28590
01/29/2015,251.6379,34443
01/30/2015,251.9081,12170
02/02/2015,246.0121,18303
02/03/2015,243.3128,11207
02/04/2015,242.9651,17316
02/05/2015,239.511,40187
02/06/2015,241.3071,11240
02/09/2015,245.8121,6893
02/10/2015,249.4809,18753
02/11/2015,248.9167,43090
02/12/2015,253.4442,16232
02/13/2015,253.9724,22509
02/16/2015,253.0213,8117
02/17/2015,251.2347,41929
02/18/2015,250.3982,9042
02/19/2015,249.3069,42201
02/20/2015,249.8916,31746
02/23/2015,250.448,19016
02/24/2015,250.5323,30022
02/25/2015,251.9211,40426
02/26/2015,255.5961,32938
02/27/2015,258.5852,48678
03/02/2015,254.0551,40712
03/03/2015,246.3452,44978
03/04/2015,249.1811,13787
03/05/2015,245.1687,6986
03/06/2015,244.581,15942
03/09/2015,241.2201,22458
03/10/2015,236.0764,17161
03/11/2015,237.6811,25689
03/12/2015,239.9177,34163
03/13/2015,238.3299,40775
03/16/2015,230.9911,38737
03/17/2015,229.5462,13772
03/18/2015,230.6944,40592
03/19/2015,226.6694,6211
03/20/2015,227.2362,5229
03/23/2015,227.2626,19345
03/24/2015,228.9106,40953
03/25/2015,229.3078,36819
03/26/2015,226.699,21885
03/27/2015,230.0221,31708
03/30/2015,229.6535,5048
03/31/2015,229.6472,24950
04/01/2015,227.1442,20173
04/02/2015,226.0041,38737
04/03/2015,223.6723,33036
04/06/2015,223.2752,10820
04/07/2015,227.9283,19292
04/08/2015,224.2444,8052
04/09/2015,219.9697,49377
04/10/2015,223.919,28781
04/13/2015,223.4237,7302
04/14/2015,221.6969,7283
04/15/2015,224.5299,47567
04/16/2015,222.9656,20620
04/17/2015,227.9181,35461
04/20/2015,229.8406,25750
04/21/2015,228.5639,37890
04/22/2015,234.5494,28183
04/23/2015,232.9149,14472
04/24/2015,235.059,8727
04/27/2015,235.9737,30523
04/28/2015,239.7306,35766
04/29/2015,244.2946,42726
04/30/2015,244.4617,5524
05/01/2015,242.3249,14079
05/04/2015,243.7351,13399
05/05/2015,241.8261,32370
05/06/2015,247.7413,21532
05/07/2015,248.2215,21821
05/08/2015,247.2078,48162
05/11/2015,247.8298,8749
05/12/2015,243.8979,16353
05/13/2015,241.1274,33477
05/14/2015,244.6731,29570
05/15/2015,242.8178,25837
05/18/2015,239.8402,16437
05/19/2015,241.4567,43104
05/20/2015,244.9646,9551
05/21/2015,247.1516,7823
05/22/2015,250.1798,17916
05/25/2015,247.9828,20167
05/26/2015,243.8262,46445
05/27/2015,248.2921,13391
05/28/2015,247.4052,17658
05/29/2015,246.7347,34685
06/01/2015,250.7413,28380
06/02/2015,252.4901,47431
06/03/2015,253.9472,33919
06/04/2015,260.6209,7311
06/05/2015,258.6865,44993
06/08/2015,261.6444,49333
06/09/2015,261.9019,48038
06/10/2015,262.8246,18560
06/11/2015,267.7241,43553
06/12/2015,269.4359,30993
06/15/2015,271.2572,35492
06/16/2015,274.8296,25981
06/17/2015,273.7085,29143
06/18/2015,271.0342,17067
06/19/2015,267.7174,28916
06/22/2015,261.4806,46508
06/23/2015,268.0109,8815
06/24/2015,264.5432,36836
06/25/2015,263.9202,42477
06/26/2015,263.1227,42275
06/29/2015,264.1723,44343
06/30/2015,266.8375,9773
07/01/2015,269.6728,17446
07/02/2015,267.8668,35733
07/03/2015,267.41,15464
07/06/2015,268.397,26576
07/07/2015,267.6765,8320
07/08/2015,272.9198,15750
07/09/2015,274.6097,42466
07/10/2015,277.1137,31572
07/13/2015,279.4012,22948
07/14/2015,283.4194,43826
07/15/2015,284.1201,28515
07/16/2015,279.7839,32867
07/17/2015,281.2097,5726
07/20/2015,279.0961,30820
07/21/2015,277.4094,11697
07/22/2015,279.4446,49678
07/23/2015,283.6808,47025
07/24/2015,283.8383,17963
07/27/2015,284.9753,6081
07/28/2015,290.8819,25269
07/29/2015,291.8095,15776
07/30/2015,301.0074,36816
07/31/2015,303.1404,19196
08/03/2015,296.8263,47112
08/04/2015,299.5986,20958
08/05/2015,301.0589,28369
08/06/2015,305.8087,16689
08/07/2015,308.3708,22331
08/10/2015,307.9509,42528
08/11/2015,303.519,18436
08/12/2015,302.8488,5066
08/13/2015,299.8487,35725
08/14/2015,297.8498,30212
08/17/2015,300.0429,38332
08/18/2015,306.1454,30401
08/19/2015,307.6872,18393
08/20/2015,303.364,8670
08/21/2015,305.0735,30601
08/24/2015,309.5458,7251
08/25/2015,307.3736,38572
08/26/2015,306.9714,32027
08/27/2015,307.1176,36846
08/28/2015,304.3171,26015
08/31/2015,306.7758,14583
09/01/2015,306.4226,28104
09/02/2015,308.0572,17224
09/03/2015,304.8688,43784
09/04/2015,303.3598,35836
09/07/2015,306.0806,34299
09/08/2015,304.803,18036
09/09/2015,311.211,24933
09/10/2015,309.8119,17392
09/11/2015,310.7402,12938
09/14/2015,314.3109,9141
09/15/2015,309.0555,28350
09/16/2015,302.618,14546
09/17/2015,297.1685,10335
09/18/2015,301.76,10077
09/21/2015,299.8522,10611
09/22/2015,309.1472,45857
09/23/2015,307.1467,40660
09/24/2015,307.919,10577
09/25/2015,313.7096,25002
09/28/2015,321.3556,44451
09/29/2015,329.4017,39275
09/30/2015,334.277,33647
10/01/2015,338.4852,39831
10/02/2015,340.9934,39768
10/05/2015,344.2807,35962
10/06/2015,342.1069,34583
10/07/2015,338.8506,6294
10/08/2015,338.9385,20096
10/09/2015,338.348,41833
10/12/2015,336.6093,32328
10/13/2015,339.5232,29398
10/14/2015,343.5172,22706
10/15/2015,343.9847,27340
10/16/2015,350.1869,23825
10/19/2015,345.4943,22482
10/20/2015,344.7951,14318
10/21/2015,341.9326,46256
10/22/2015,334.3764,49009
10/23/2015,334.145,48185
10/26/2015,333.7571,20574
10/27/2015,339.9187,19650
10/28/2015,342.5937,33930
10/29/2015,338.486,25171
10/30/2015,346.1185,39864
11/02/2015,351.2938,16801
11/03/2015,353.8531,27372
11/04/2015,352.9975,21559
11/05/2015,349.0393,37334
11/06/2015,347.585,44937
11/09/2015,352.2305,18288
11/10/2015,360.3018,27398
11/11/2015,367.0823,15694
11/12/2015,365.0391,17191
11/13/2015,360.2441,23051
11/16/2015,360.9613,15737
11/17/2015,353.4095,30251
11/18/2015,354.886,10147
11/19/2015,354.3639,24643
11/20/2015,352.4885,43967
11/23/2015,345.8488,38314
11/24/2015,348.0841,42999
11/25/2015,345.9635,45733
11/26/2015,341.2103,23467
11/27/2015,329.5521,39808
11/30/2015,329.5421,6752
12/01/2015,336.6494,6849
12/02/2015,343.4615,7642
12/03/2015,341.6806,6600
12/04/2015,339.314,25786
12/07/2015,341.3245,49565
12/08/2015,337.3376,25183
12/09/2015,338.6605,6132
12/10/2015,341.8754,43259
12/11/2015,347.0114,36076
12/14/2015,346.6985,43563
12/15/2015,345.9551,31691
12/16/2015,342.414,48299
12/17/2015,339.1191,15931
12/18/2015,338.2992,12633
12/21/2015,339.892,42777
12/22/2015,343.7202,39881
12/23/2015,340.5105,6044
12/24/2015,346.712,40199
12/25/2015,345.688,29363
12/28/2015,345.7031,6582
12/29/2015,342.707,19374
12/30/2015,332.8402,6308
12/31/2015,336.471,26301
01/01/2016,339.547,13793
01/04/2016,338.5026,6620
01/05/2016,338.8763,34883
01/06/2016,341.076,42534
01/07/2016,334.783,42960
01/08/2016,332.758,44390
01/11/2016,336.0294,11093
01/12/2016,331.0725,27259
01/13/2016,332.3381,25655
01/14/2016,327.0276,38005
01/15/2016,328.9562,36629
01/18/2016,328.9142,28610
01/19/2016,322.638,26602
01/20/2016,327.2442,25409
01/21/2016,324.4577,16110
01/22/2016,321.4003,11073
01/25/2016,322.2703,40310
01/26/2016,326.8091,20282
01/27/2016,322.9233,15195
01/28/2016,323.2592,6537
01/29/2016,325.0196,22138
02/01/2016,327.8204,49328
02/02/2016,328.6129,45164
02/03/2016,327.2641,29207
02/04/2016,324.1122,25619
02/05/2016,324.5445,29845
02/08/2016,320.4664,29310
02/09/2016,309.3282,42899
02/10/2016,311.0415,35562
02/11/2016,314.5087,33036
02/12/2016,305.6851,13697
02/15/2016,302.0729,22513
02/16/2016,304.4079,48039
02/17/2016,312.015,8145
02/18/2016,312.1865,32818
02/19/2016,309.5529,35544
02/22/2016,308.9663,18100
02/23/2016,314.1565,25104
02/24/2016,311.8155,9067
02/25/2016,308.9187,41963
02/26/2016,307.2218,35728
02/29/2016,303.7994,37317
03/01/2016,304.3377,36416
03/02/2016,310.3624,47012
03/03/2016,311.6588,45049
03/04/2016,310.8085,7509
03/07/2016,309.8134,26400
03/08/2016,304.0948,11533
03/09/2016,307.4086,19670
03/10/2016,307.2137,8932
03/11/2016,306.6405,43328
03/14/2016,318.4821,41784
03/15/2016,319.7194,28723
03/16/2016,316.931,5719
03/17/2016,315.4046,5074
03/18/2016,319.8459,31498
03/21/2016,320.3766,36345
03/22/2016,314.9432,25541
03/23/2016,318.5118,39917
03/24/2016,316.0536,31028
03/25/2016,323.2531,34545
03/28/2016,327.5397,19033
03/29/2016,325.8797,36673
03/30/2016,330.987,35974
03/31/2016,331.3558,28097
04/01/2016,334.8461,41975
04/04/2016,336.8942,32608
04/05/2016,333.5737,28525
04/06/2016,331.0977,20043
04/07/2016,335.2893,46846
04/08/2016,334.0429,16725
04/11/2016,332.5251,41704
04/12/2016,328.8136,47075
04/13/2016,330.5837,42383
04/14/2016,338.8649,34483
04/15/2016,334.6256,12265
04/18/2016,334.8232,27763
04/19/2016,340.5978,15116
04/20/2016,340.3745,20733
04/21/2016,342.3243,30502
04/22/2016,338.0628,42420
04/25/2016,339.9017,48241
04/26/2016,339.2404,14247
04/27/2016,343.3549,28840
04/28/2016,348.3503,26058
04/29/2016,359.2797,39929
05/02/2016,361.8865,23635
05/03/2016,363.4099,30628
05/04/2016,364.3666,36362
05/05/2016,362.9317,25953
05/06/2016,364.5148,24128
05/09/2016,363.332,17061
05/10/2016,364.1755,11041
05/11/2016,370.0427,17673
05/12/2016,365.6842,26059
05/13/2016,370.7959,39328
05/16/2016,376.7677,49722
05/17/2016,376.347,22548
05/18/2016,366.8772,20078
05/19/2016,364.3113,10419
05/20/2016,370.0907,40490
05/23/2016,370.1002,15550
05/24/2016,365.7731,35337
05/25/2016,363.6673,6468
05/26/2016,367.4448,29309
05/27/2016,369.9658,5808
05/30/2016,369.016,29747
05/31/2016,367.5024,11719
06/01/2016,365.885,21363
06/02/2016,361.9448,33718
06/03/2016,369.0695,33801
06/06/2016,367.7527,48359
06/07/2016,373.2344,42841
06/08/2016,380.16,13012
06/09/2016,384.8283,23029
06/10/2016,382.9505,46017
06/13/2016,384.9207,5767
06/14/2016,384.9245,8895
06/15/2016,380.8656,47968
06/16/2016,382.4624,45097
06/17/2016,377.1658,20332
06/20/2016,382.6544,19621
06/21/2016,380.6358,16334
06/22/2016,381.6688,23174
06/23/2016,383.0807,38653
06/24/2016,382.0055,45502
06/27/2016,384.8095,41674
06/28/2016,382.732,42260
06/29/2016,386.8485,47498
06/30/2016,380.7163,7073
07/01/2016,381.4079,11269
07/04/2016,390.3966,22194
07/05/2016,385.8274,31811
07/06/2016,382.8052,11841
07/07/2016,385.2808,48723
07/08/2016,386.2266,39800
07/11/2016,387.9676,14699
07/12/2016,390.3614,15762
07/13/2016,393.4518,44897
07/14/2016,398.8092,46556
07/15/2016,400.8901,7147
07/18/2016,399.8497,38383
07/19/2016,403.1968,38715
07/20/2016,412.5101,43445
07/21/2016,411.9773,45634
07/22/2016,407.2831,7013
07/25/2016,412.816,25081
07/26/2016,412.3435,21874
07/27/2016,401.7166,42755
07/28/2016,405.9222,13733
07/29/2016,403.4363,14479
08/01/2016,403.1191,14825
08/02/2016,404.8459,26304
08/03/2016,405.8929,40694
08/04/2016,409.4702,45050
08/05/2016,407.4532,20635
08/08/2016,410.0842,25760
08/09/2016,408.93,14490
08/10/2016,412.6782,26252
08/11/2016,415.8494,44754
08/12/2016,411.3061,11862
08/15/2016,416.7895,49927
08/16/2016,414.234,9423
08/17/2016,418.3749,15450
08/18/2016,420.3444,45927
08/19/2016,429.7426,39841
08/22/2016,428.7191,27554
08/23/2016,427.0506,36826
08/24/2016,427.0792,47879
08/25/2016,425.6535,11825
08/26/2016,429.8672,48420
08/29/2016,421.6586,17454
08/30/2016,416.4536,29251
08/31/2016,411.2422,25648
09/01/2016,416.0553,45736
09/02/2016,424.7206,29530
09/05/2016,424.3157,17516
09/06/2016,423.5834,45544
09/07/2016,424.0665,13558
09/08/2016,430.1063,13719
09/09/2016,425.449,9886
09/12/2016,426.7936,33185
09/13/2016,431.9161,42387
09/14/2016,434.6429,26575
09/15/2016,435.7621,48113
09/16/2016,441.1274,44643
09/19/2016,426.9501,15100
09/20/2016,430.5512,12856
09/21/2016,427.301,43169
09/22/2016,418.0425,33804
09/23/2016,420.7323,40790
09/26/2016,427.7938,35988
09/27/2016,427.2166,49443
09/28/2016,432.2298,15912
09/29/2016,440.7219,43506
09/30/2016,447.8083,27368
10/03/2016,456.7553,6770
10/04/2016,460.96,17305
10/05/2016,461.5155,14969
10/06/2016,452.782,17404
10/07/2016,451.5809,13989
10/10/2016,447.1468,40983
10/11/2016,458.9297,49748
10/12/2016,458.0988,44462
10/13/2016,458.9135,24360
10/14/2016,462.0882,25121
10/17/2016,462.4686,31287
10/18/2016,472.0142,48429
10/19/2016,468.629,39160
10/20/2016,469.864,11789
10/21/2016,465.8186,32181
10/24/2016,458.5797,19385
10/25/2016,455.3507,22061
10/26/2016,455.2849,5105
10/27/2016,453.0761,49247
10/28/2016,449.4474,26137
10/31/2016,441.9974,39714
11/01/2016,441.6892,10544
11/02/2016,433.8463,18275
11/03/2016,437.9334,44753
11/04/2016,438.498,39550
11/07/2016,430.96,24641
11/08/2016,429.4902,11213
11/09/2016,425.7425,19485
11/10/2016,427.5009,20605
11/11/2016,434.5057,42637
11/14/2016,424.8587,25390
11/15/2016,425.5726,14867
11/16/2016,424.8825,8981
11/17/2016,428.4329,14493
11/18/2016,429.6575,10682
11/21/2016,425.9093,10782
11/22/2016,424.4064,34799
11/23/2016,420.4797,46905
11/24/2016,426.0351,21984
11/25/2016,426.2719,27760
11/28/2016,436.1248,30993
11/29/2016,435.9382,6524
11/30/2016,432.3631,31120
12/01/2016,424.6391,5078
12/02/2016,415.5783,40891
12/05/2016,407.803,30473
12/06/2016,409.2326,44832
12/07/2016,411.8536,13417
12/08/2016,404.1625,18362
12/09/2016,408.6247,6209
12/12/2016,406.3786,42921
12/13/2016,407.2163,9898
12/14/2016,415.2167,23562
12/15/2016,419.8099,15871
12/16/2016,418.5831,12610
12/19/2016,414.2322,48845
12/20/2016,403.6602,32382
12/21/2016,400.2978,20791
12/22/2016,399.4037,40312
12/23/2016,394.7921,43290
12/26/2016,394.2888,7370
12/27/2016,394.7707,24665
12/28/2016,393.8239,9710
12/29/2016,390.8702,5328
12/30/2016,391.7785,43347
01/02/2017,393.9738,25612
01/03/2017,388.9369,11794
01/04/2017,395.6388,37888
01/05/2017,395.2894,11749
01/06/2017,395.4974,25608
01/09/2017,398.9772,20450
01/10/2017,400.2135,8675
01/11/2017,404.911,23460
01/12/2017,406.4276,43411
01/13/2017,403.5626,16560
01/16/2017,405.4343,37463
01/17/2017,399.9915,36663
01/18/2017,400.6326,8170
01/19/2017,400.593,38123
01/20/2017,399.7127,33810
01/23/2017,399.2161,14718
01/24/2017,390.3207,5028
01/25/2017,387.8677,22397
01/26/2017,388.4162,48662
01/27/2017,389.2778,46787
01/30/2017,384.5939,7024
01/31/2017,390.5507,43607
02/01/2017,386.6085,18503
02/02/2017,391.2221,15303
02/03/2017,393.345,22138
02/06/2017,390.4127,30345
02/07/2017,398.8471,34505
02/08/2017,393.2538,6906
02/09/2017,397.7093,45167
02/10/2017,402.6039,12961
02/13/2017,399.4847,31140
02/14/2017,406.2798,17031
02/15/2017,405.1826,20128
02/16/2017,406.7078,20663
02/17/2017,408.1004,39228
02/20/2017,407.5651,20682
02/21/2017,411.6528,20193
02/22/2017,415.696,33561
02/23/2017,407.0984,48813
02/24/2017,413.5925,12766
02/27/2017,405.4654,34844
02/28/2017,410.611,34432
03/01/2017,416.2858,34504
03/02/2017,410.9609,42146
03/03/2017,409.0582,45297
03/06/2017,403.7534,25858
03/07/2017,402.8332,8071
03/08/2017,401.465,21939
03/09/2017,405.3415,29931
03/10/2017,411.8366,49460
03/13/2017,418.8577,6040
03/14/2017,416.1577,7686
03/15/2017,415.2377,17666
03/16/2017,406.974,40321
03/17/2017,403.1605,6779
03/20/2017,407.9493,18186
03/21/2017,415.9806,21459
03/22/2017,409.9438,25710
03/23/2017,407.1522,27219
03/24/2017,407.1454,10057
03/27/2017,408.6363,23733
03/28/2017,404.7889,24157
03/29/2017,406.9702,40030
03/30/2017,404.7782,24613
03/31/2017,404.8295,48076
04/03/2017,407.6047,22492
04/04/2017,407.7584,25746
04/05/2017,405.7455,10188
04/06/2017,405.3335,46570
04/07/2017,405.0253,34680
04/10/2017,403.3485,42825
04/11/2017,402.2169,41766
04/12/2017,410.0536,13864
04/13/2017,412.9367,41445
04/14/2017,411.5964,10796
04/17/2017,415.1622,44131
04/18/2017,413.6237,13123
04/19/2017,419.5706,13222
04/20/2017,421.5575,29074
04/21/2017,421.1412,34825
04/24/2017,423.5301,41839
04/25/2017,415.6734,46576
04/26/2017,410.1777,7786
04/27/2017,404.4241,38638
04/28/2017,405.2392,41964
05/01/2017,413.7857,49564
05/02/2017,424.9892,30988
05/03/2017,428.3707,40507
05/04/2017,431.0738,38708
05/05/2017,421.8864,38108
05/08/2017,419.2657,34715
05/09/2017,415.4279,28806
05/10/2017,412.4576,41901
05/11/2017,411.7491,22043
05/12/2017,409.54,15225
05/15/2017,399.9356,14752
05/16/2017,403.645,8457
05/17/2017,398.57,47616
05/18/2017,399.8339,14241
05/19/2017,409.9053,5453
05/22/2017,405.5059,14896
05/23/2017,393.315,26826
05/24/2017,392.0831,15976
05/25/2017,397.3808,38586
05/26/2017,406.8385,9868
05/29/2017,400.9578,21396
05/30/2017,403.468,36634
05/31/2017,401.3362,17171
06/01/2017,400.9463,29111
06/02/2017,413.7895,38688
06/05/2017,406.4506,26304
06/06/2017,407.8102,47274
06/07/2017,410.2213,44243
06/08/2017,415.6893,33253
06/09/2017,416.3028,35980
06/12/2017,417.9666,7017
06/13/2017,416.1276,12957
06/14/2017,417.5963,47188
06/15/2017,416.0018,9792
06/16/2017,419.2295,18237
06/19/2017,417.4959,21251
06/20/2017,419.5104,24252
06/21/2017,419.4889,15707
06/22/2017,425.2831,39206
06/23/2017,425.1485,33740
06/26/2017,416.2304,8543
06/27/2017,422.6582,49135
06/28/2017,418.1913,44111
06/29/2017,415.0359,40031
06/30/2017,412.1938,47929
07/03/2017,419.1159,5211
07/04/2017,408.5005,44795
07/05/2017,424.0043,5331
07/06/2017,429.5047,28244
07/07/2017,430.7842,13169
07/10/2017,430.6296,27104
07/11/2017,432.2344,46901
07/12/2017,435.0671,19591
07/13/2017,438.5661,36711
07/14/2017,441.6217,5727
07/17/2017,442.229,26359
07/18/2017,441.3144,48822
07/19/2017,440.6457,41011
07/20/2017,439.7473,42863
07/21/2017,445.8621,27998
07/24/2017,449.1715,15929
07/25/2017,433.4574,19842
07/26/2017,436.9991,28519
07/27/2017,438.1514,22393
07/28/2017,438.1845,39318
07/31/2017,436.273,13995
08/01/2017,442.289,33656
08/02/2017,447.4506,45260
08/03/2017,443.435,20567
08/04/2017,445.734,33840
08/07/2017,440.6705,28831
08/08/2017,433.5072,18265
08/09/2017,430.377,10424
08/10/2017,434.96,25625
08/11/2017,440.0654,19086
08/14/2017,442.9069,34187
08/15/2017,446.8935,40929
08/16/2017,449.7957,25539
08/17/2017,446.4682,30103
08/18/2017,448.9163,32874
08/21/2017,453.3627,14215
08/22/2017,457.6024,44385
08/23/2017,464.2682,27044
08/24/2017,468.3536,16926
08/25/2017,470.4694,36501
08/28/2017,476.6522,34774
08/29/2017,476.6435,30008
08/30/2017,471.7424,22560
08/31/2017,470.9608,29340
09/01/2017,466.8922,29976
09/04/2017,463.2495,32626
09/05/2017,462.5851,37720
09/06/2017,458.3251,40001
09/07/2017,456.7689,9700
09/08/2017,446.5266,48795
09/11/2017,447.8034,12860
09/12/2017,447.9442,12526
09/13/2017,443.6865,43327
09/14/2017,447.3296,44500
09/15/2017,452.4966,7513
09/18/2017,443.9034,12830
09/19/2017,439.9736,19781
09/20/2017,436.0448,12910
09/21/2017,431.2575,20847
09/22/2017,435.6795,10649
09/25/2017,434.7969,14120
09/26/2017,433.5472,6951
09/27/2017,423.252,15165
09/28/2017,426.6063,19352
09/29/2017,420.3902,14746
10/02/2017,420.8186,48738
10/03/2017,422.3456,33997
10/04/2017,429.3683,46954
10/05/2017,422.7535,29183
10/06/2017,407.5622,13804
10/09/2017,408.5837,32169
10/10/2017,417.5342,5595
10/11/2017,423.8671,34592
10/12/2017,425.0606,45643
10/13/2017,422.6804,25823
10/16/2017,426.9011,10972
10/17/2017,422.0419,20882
10/18/2017,424.581,5858
10/19/2017,427.2837,10519
10/20/2017,432.848,28769
10/23/2017,447.3121,30020
10/24/2017,449.5526,47748
10/25/2017,446.9418,42085
10/26/2017,446.9388,24838
10/27/2017,437.5848,49912
10/30/2017,434.0681,17879
10/31/2017,432.0665,38798
11/01/2017,429.4788,47255
11/02/2017,430.3929,29290
11/03/2017,426.2744,15255
11/06/2017,432.1367,6447
11/07/2017,432.2674,48005
11/08/2017,432.3488,34195
11/09/2017,430.7774,7850
11/10/2017,431.7088,33400
11/13/2017,436.1128,16953
11/14/2017,431.7056,45874
11/15/2017,428.4258,28535
11/16/2017,426.9928,15000
11/17/2017,420.2248,14503
11/20/2017,416.2196,20493
11/21/2017,413.9659,9055
11/22/2017,418.4337,43170
11/23/2017,419.8776,37408
11/24/2017,420.979,47049
11/27/2017,425.4038,39440
11/28/2017,424.8301,33251
11/29/2017,426.9482,9532
11/30/2017,426.5474,9924
12/01/2017,428.0336,17546
12/04/2017,425.1688,31579
12/05/2017,412.8534,11085
12/06/2017,412.312,17390
12/07/2017,419.4751,18280
12/08/2017,424.2632,29118
12/11/2017,429.3055,9864
12/12/2017,435.8024,47084
12/13/2017,436.3968,38989
12/14/2017,437.561,40628
12/15/2017,434.4492,31849
12/18/2017,432.9317,32566
12/19/2017,436.2606,15702
12/20/2017,442.694,46196
12/21/2017,442.086,20385
12/22/2017,439.8304,14336
12/25/2017,439.9651,36225
12/26/2017,443.2712,41021
12/27/2017,435.724,8782
12/28/2017,423.8487,28341
12/29/2017,421.1757,29094
01/01/2018,415.1324,28866
01/02/2018,412.7256,24049
01/03/2018,412.1175,47719
01/04/2018,409.9997,35992
01/05/2018,417.2688,19567
01/08/2018,419.0301,49451
01/09/2018,420.6667,8513
01/10/2018,423.9338,18335
01/11/2018,418.2675,49140
01/12/2018,423.6085,43590
01/15/2018,423.3504,19837
01/16/2018,426.8836,17122
01/17/2018,421.521,39840
01/18/2018,413.7881,36007
01/19/2018,417.9735,46297
01/22/2018,419.9868,32684
01/23/2018,415.5666,31393
01/24/2018,411.3544,27754
01/25/2018,417.0333,25799
01/26/2018,411.2061,43727
01/29/2018,419.4352,14107
01/30/2018,415.028,10993
01/31/2018,418.3319,35805
02/01/2018,416.8077,33114
02/02/2018,419.9497,42789
02/05/2018,417.3337,47942
02/06/2018,416.6437,21138
02/07/2018,416.9732,49527
02/08/2018,412.0837,14190
02/09/2018,415.8707,31723
02/12/2018,413.4343,17886
02/13/2018,412.4242,21779
02/14/2018,407.6268,33174
02/15/2018,395.2154,34086
02/16/2018,394.428,22322
02/19/2018,405.9655,47596
02/20/2018,409.9096,40278
02/21/2018,409.9378,23033
02/22/2018,408.7676,25074
02/23/2018,409.0004,8435
02/26/2018,411.8084,40969
02/27/2018,406.0967,33942
02/28/2018,411.6488,34059
03/01/2018,415.3061,37826
03/02/2018,419.0099,35297
03/05/2018,421.3403,48890
03/06/2018,421.5659,26322
03/07/2018,425.0963,40739
03/08/2018,428.2427,14719
03/09/2018,426.5518,19017
03/12/2018,423.7437,13314
03/13/2018,424.3888,33295
03/14/2018,432.4047,14628
03/15/2018,426.1049,47122
03/16/2018,418.7289,16492
03/19/2018,419.6824,41113
03/20/2018,420.0646,20357
03/21/2018,421.0644,38329
03/22/2018,422.4233,25365
03/23/2018,421.4186,44029
03/26/2018,429.0793,6737
03/27/2018,420.9651,14096
03/28/2018,416.9062,24938
03/29/2018,416.5147,17682
03/30/2018,408.4267,32499
04/02/2018,407.6873,49491
04/03/2018,415.9379,49866
04/04/2018,416.167,46894
04/05/2018,417.4439,46034
04/06/2018,411.2566,5294
04/09/2018,408.3382,37536
04/10/2018,406.6222,29596
04/11/2018,405.1939,37649
04/12/2018,411.5472,16434
04/13/2018,414.4249,43098
04/16/2018,409.0218,9655
04/17/2018,410.3544,22493
04/18/2018,412.9309,8771
04/19/2018,418.7044,13563
04/20/2018,426.7714,22558
04/23/2018,421.7009,38932
04/24/2018,417.7241,47243
04/25/2018,411.5456,31567
04/26/2018,410.5133,37376
04/27/2018,412.9338,26922
04/30/2018,417.9502,17388
05/01/2018,417.6946,34332
05/02/2018,416.2167,28495
05/03/2018,417.0996,13434
05/04/2018,413.0447,25991
05/07/2018,423.5254,32472
05/08/2018,415.4819,45030
05/09/2018,416.5276,31849
05/10/2018,426.7672,6541
05/11/2018,426.9301,7765
05/14/2018,426.0845,48074
05/15/2018,424.3847,42259
05/16/2018,423.5934,34283
05/17/2018,430.6988,40851
05/18/2018,419.3963,39625
05/21/2018,427.2395,5769
05/22/2018,420.0672,22806
05/23/2018,418.8491,29982
05/24/2018,416.8173,7972
05/25/2018,419.8862,23256
05/28/2018,411.9598,43367
05/29/2018,414.3681,23653
05/30/2018,424.5581,43043
05/31/2018,417.7405,26133
06/01/2018,418.8168,44339
06/04/2018,415.6155,30757
06/05/2018,417.8642,42840
06/06/2018,418.0856,47399
06/07/2018,414.9927,49013
06/08/2018,417.5467,37069
06/11/2018,426.7128,19706
06/12/2018,425.8633,43231
06/13/2018,429.6693,32909
06/14/2018,423.13,45218
06/15/2018,418.4006,16095
06/18/2018,420.898,25343
06/19/2018,428.5202,31469
06/20/2018,430.4774,6313
06/21/2018,428.9893,12847
06/22/2018,429.1144,14166
06/25/2018,422.8043,14930
06/26/2018,425.9983,8285
06/27/2018,430.6365,40863
06/28/2018,428.4295,21704
06/29/2018,426.1414,23705
07/02/2018,427.6289,5555
07/03/2018,425.5162,26323
07/04/2018,425.3061,10432
07/05/2018,436.15,6386
07/06/2018,434.988,49007
07/09/2018,433.248,15619
07/10/2018,430.0114,11854
07/11/2018,433.9805,47964
07/12/2018,433.167,12637
07/13/2018,429.9215,26225
07/16/2018,436.8671,31739
07/17/2018,444.4403,15618
07/18/2018,441.3714,41561
07/19/2018,431.6178,12373
07/20/2018,436.9656,40281
07/23/2018,433.5068,25187
07/24/2018,437.7497,7327
07/25/2018,427.5321,37391
07/26/2018,432.2397,46577
07/27/2018,426.0872,23549
07/30/2018,429.9515,44220
07/31/2018,430.1541,12642
08/01/2018,425.359,19435
08/02/2018,423.409,38760
08/03/2018,427.0232,43192
08/06/2018,427.6939,9381
08/07/2018,430.8216,36047
08/08/2018,441.1688,24558
08/09/2018,433.02,35782
08/10/2018,441.5533,9782
08/13/2018,442.2387,30881
08/14/2018,437.6017,45228
08/15/2018,430.7472,34409
08/16/2018,429.8988,24462
08/17/2018,434.7824,7983
08/20/2018,434.2474,36933
08/21/2018,442.2522,7523
08/22/2018,434.6835,14677
08/23/2018,434.7508,15292
08/24/2018,428.3475,20089
08/27/2018,430.3451,9581
08/28/2018,435.0542,16907
08/29/2018,432.9881,10609
08/30/2018,419.5869,49143
08/31/2018,420.7145,27936
09/03/2018,423.0456,47725
09/04/2018,425.2249,38988
09/05/2018,431.6583,34506
09/06/2018,426.2399,18163
09/07/2018,429.847,17537
09/10/2018,436.1271,27419
09/11/2018,426.9496,47578
09/12/2018,428.7154,14455
09/13/2018,426.2502,14063
09/14/2018,425.9611,5834
09/17/2018,427.8661,37214
09/18/2018,425.4928,32398
09/19/2018,422.1703,39492
09/20/2018,422.47,7413
09/21/2018,417.0848,14505
09/24/2018,411.7754,42266
09/25/2018,415.2559,7105
09/26/2018,409.6559,7568
09/27/2018,413.0543,47098
09/28/2018,415.4712,42679
10/01/2018,406.9915,38560
10/02/2018,403.8045,19195
10/03/2018,409.7118,20762
10/04/2018,405.0108,46294
10/05/2018,402.8753,20898
10/08/2018,405.23,26577
10/09/2018,409.161,6214
10/10/2018,408.0487,25803
10/11/2018,405.2453,28698
10/12/2018,412.2838,37980
10/15/2018,421.0105,6658
10/16/2018,426.0822,17270
10/17/2018,426.6462,42792
10/18/2018,422.6361,27301
10/19/2018,418.5512,10141
10/22/2018,421.3011,43756
10/23/2018,423.5428,18777
10/24/2018,430.7935,43346
10/25/2018,434.2852,34441
10/26/2018,426.5823,33469
10/29/2018,432.0952,8845
10/30/2018,427.0497,49650
10/31/2018,425.2102,28290
11/01/2018,426.6144,35699
11/02/2018,436.9589,49252
11/05/2018,453.3969,38146
11/06/2018,456.834,8293
11/07/2018,455.9667,49398
11/08/2018,459.0281,21608
11/09/2018,464.0553,5737
11/12/2018,462.4088,21619
11/13/2018,472.509,17470
11/14/2018,473.9553,27372
11/15/2018,476.9284,21117
11/16/2018,480.8826,19779
11/19/2018,483.4597,34294
11/20/2018,488.4719,26630
11/21/2018,485.0003,45039
11/22/2018,481.8965,17178
11/23/2018,475.6791,24935
11/26/2018,478.3306,27784
11/27/2018,482.9451,28027
11/28/2018,485.743,36008
11/29/2018,495.6492,6823
11/30/2018,495.7646,11852
12/03/2018,499.8918,18072
12/04/2018,493.4929,16133
12/05/2018,491.3486,20111
12/06/2018,495.597,37312
12/07/2018,500.7955,29161
12/10/2018,499.1791,44287
12/11/2018,498.9,6777
12/12/2018,489.9624,29014
12/13/2018,488.0102,19772
12/14/2018,493.3708,49627
12/17/2018,496.9243,23161
12/18/2018,500.0589,47264
12/19/2018,500.5076,12490
12/20/2018,500.7002,46661
12/21/2018,496.8829,29502
12/24/2018,501.1988,40757
12/25/2018,503.8811,46111
12/26/2018,507.0073,37737
12/27/2018,503.9589,22709
12/28/2018,491.0878,49682
12/31/2018,497.7007,13998
01/01/2019,494.9902,33906
01/02/2019,490.0139,40490
01/03/2019,494.2386,9656
01/04/2019,492.0619,41901
01/07/2019,498.4682,30735
01/08/2019,502.3085,34092
01/09/2019,506.5795,6242
01/10/2019,498.4279,46307
01/11/2019,505.8262,6831
01/14/2019,507.5637,33511
01/15/2019,505.4668,12246
01/16/2019,506.4882,36467
01/17/2019,495.8444,23302
01/18/2019,498.4247,8232
01/21/2019,492.4175,41526
01/22/2019,484.5723,43765
01/23/2019,475.8653,15972
01/24/2019,482.362,39592
01/25/2019,478.8643,15683
01/28/2019,487.8213,28664
01/29/2019,484.8311,41828
01/30/2019,475.0432,38172
01/31/2019,468.821,23105
02/01/2019,475.9141,26700
02/04/2019,475.1666,16017
02/05/2019,472.1828,41613
02/06/2019,473.2311,25594
02/07/2019,476.2226,16384
02/08/2019,482.751,35348
02/11/2019,491.287,21448
02/12/2019,489.3134,14491
02/13/2019,481.674,18112
02/14/2019,479.4286,36021
02/15/2019,481.0699,49553
02/18/2019,475.6506,5968
02/19/2019,470.33,5368
02/20/2019,472.4115,13424
02/21/2019,472.2774,40010
02/22/2019,472.6049,40851
02/25/2019,468.4451,30496
02/26/2019,467.2905,35936
02/27/2019,462.248,18322
02/28/2019,467.3246,6469
03/01/2019,473.2704,42493
03/04/2019,462.9274,9259
03/05/2019,457.9027,41390
03/06/2019,449.8169,15292
03/07/2019,446.4432,31841
03/08/2019,446.1301,33365
03/11/2019,438.5032,22207
03/12/2019,433.7839,41199
03/13/2019,428.688,27912
03/14/2019,429.8828,41919
03/15/2019,430.3695,41981
03/18/2019,426.7713,20235
03/19/2019,427.8048,46757
03/20/2019,425.1267,38547
03/21/2019,423.8684,48810
03/22/2019,432.5074,24276
03/25/2019,439.5943,36923
03/26/2019,432.8707,10534
03/27/2019,437.3106,31469
03/28/2019,441.6998,41074
03/29/2019,435.746,40670
04/01/2019,440.1581,37563
04/02/2019,448.4133,41486
04/03/2019,442.5075,5021
04/04/2019,437.7682,39268
04/05/2019,443.2456,46802
04/08/2019,444.8226,20799
04/09/2019,447.8998,31336
04/10/2019,449.8647,8641
04/11/2019,452.1088,26596
04/12/2019,445.0479,37959
04/15/2019,450.7747,18306
04/16/2019,457.2366,13587
04/17/2019,456.1152,36359
04/18/2019,456.014,26498
04/19/2019,447.7723,9662
04/22/2019,450.6699,42094
04/23/2019,453.8988,46833
04/24/2019,453.6962,32197
04/25/2019,459.9537,25719
04/26/2019,458.2478,29665
04/29/2019,461.49,48239
04/30/2019,455.9817,30032
05/01/2019,455.9896,17641
05/02/2019,455.1724,46964
05/03/2019,456.5396,35028
05/06/2019,454.6521,20651
05/07/2019,454.0712,13536
05/08/2019,458.7084,11273
05/09/2019,456.4419,11284
05/10/2019,447.7791,30692
05/13/2019,457.3145,13817
05/14/2019,465.0329,33955
05/15/2019,457.961,31555
05/16/2019,461.8887,25378
05/17/2019,459.2395,46182
05/20/2019,460.8293,22127
05/21/2019,462.5946,22952
05/22/2019,461.4321,16539
05/23/2019,457.2307,19692
05/24/2019,453.579,23120
05/27/2019,448.7283,18334
05/28/2019,444.3838,33615
05/29/2019,444.1589,12903
05/30/2019,440.4772,33527
05/31/2019,444.2145,20629
06/03/2019,452.2756,22740
06/04/2019,449.2632,38782
06/05/2019,450.6886,31708
06/06/2019,453.5262,15860
06/07/2019,456.2311,22438
06/10/2019,456.7838,6764
06/11/2019,460.9918,11009
06/12/2019,463.7978,25842
06/13/2019,457.0487,47372
06/14/2019,461.9527,38435
06/17/2019,467.01,8370
06/18/2019,462.8725,43744
06/19/2019,463.2221,25454
06/20/2019,467.1595,46381
06/21/2019,466.1262,43367
06/24/2019,472.2678,8650
06/25/2019,485.806,30708
06/26/2019,481.3697,47662
06/27/2019,473.5366,8190
06/28/2019,475.4051,13789
07/01/2019,479.6642,37125
07/02/2019,478.4792,38159
07/03/2019,486.967,22459
07/04/2019,479.2908,40418
07/05/2019,483.4199,23768
07/08/2019,480.0503,20563
07/09/2019,490.099,32885
07/10/2019,501.9644,26885
07/11/2019,497.4969,11895
07/12/2019,494.3654,28958
07/15/2019,499.6131,6531
07/16/2019,497.442,10481
07/17/2019,497.3201,28932
07/18/2019,497.6208,26360
07/19/2019,486.3069,48642
07/22/2019,486.372,29829
07/23/2019,482.4924,24932
07/24/2019,479.782,43931
07/25/2019,488.2375,43032
07/26/2019,481.0222,20890
07/29/2019,485.8606,23807
07/30/2019,484.3799,16767
07/31/2019,482.8991,13071
08/01/2019,487.624,31149
08/02/2019,489.7601,20540
08/05/2019,493.2606,40676
08/06/2019,499.1394,9712
08/07/2019,497.3047,31201
08/08/2019,493.8003,49958
08/09/2019,487.5182,24899
08/12/2019,482.8357,24787
08/13/2019,500.0676,25982
08/14/2019,507.6867,27606
08/15/2019,499.608,15150
08/16/2019,491.8293,25393
08/19/2019,494.8208,42259
08/20/2019,498.2189,32750
08/21/2019,501.6499,13593
08/22/2019,500.2656,22358
08/23/2019,499.6626,21607
08/26/2019,501.7784,42381
08/27/2019,502.4461,29811
08/28/2019,489.2159,33074
08/29/2019,488.0136,25595
08/30/2019,483.1741,49194
09/02/2019,484.3349,31853
09/03/2019,501.8306,13183
09/04/2019,504.1941,25661
09/05/2019,502.4484,46169
09/06/2019,508.157,41495
09/09/2019,511.2528,18703
09/10/2019,513.9835,35815
09/11/2019,517.8806,34565
09/12/2019,530.8165,27942
09/13/2019,523.7722,47986
09/16/2019,526.9063,38161
09/17/2019,521.207,46803
09/18/2019,524.8378,14716
09/19/2019,519.2093,46563
09/20/2019,516.7646,38349
09/23/2019,515.0898,47899
09/24/2019,521.2759,5132
09/25/2019,527.1775,8385
09/26/2019,519.4551,41538
09/27/2019,519.9533,40036
09/30/2019,515.6819,38743
10/01/2019,508.0488,45373
10/02/2019,506.8781,12213
10/03/2019,505.1538,49223
10/04/2019,520.0158,31119
10/07/2019,522.8735,7835
10/08/2019,514.3866,7738
10/09/2019,511.0547,47317
10/10/2019,517.4718,9134
10/11/2019,530.5956,30892
10/14/2019,520.6566,44601
10/15/2019,509.0672,13353
10/16/2019,520.6493,20690
10/17/2019,523.2398,6909
10/18/2019,517.9448,30703
10/21/2019,521.4231,19496
10/22/2019,505.0875,17062
10/23/2019,505.2594,14850
10/24/2019,507.3986,32701
10/25/2019,513.1785,39731
10/28/2019,507.0888,10153
10/29/2019,507.7623,15481
10/30/2019,502.2759,38734
10/31/2019,503.9659,5889
11/01/2019,498.7024,24445
11/04/2019,496.4097,11461
11/05/2019,490.6267,43934
11/06/2019,494.6074,33205
11/07/2019,499.851,28351
11/08/2019,498.5936,21006
11/11/2019,498.972,49149
11/12/2019,490.448,15940
11/13/2019,488.8314,16258
11/14/2019,488.6836,29485
11/15/2019,504.199,28763
11/18/2019,497.6224,45048
11/19/2019,506.515,6067
11/20/2019,512.7261,25607
11/21/2019,514.6066,48883
11/22/2019,525.6209,14018
11/25/2019,528.1256,20187
11/26/2019,530.7504,42375
11/27/2019,530.5713,8985
11/28/2019,538.5207,48052
11/29/2019,545.7679,24563
12/02/2019,541.834,42306
12/03/2019,533.4188,23608
12/04/2019,532.2795,44139
12/05/2019,527.3291,6726
12/06/2019,527.0853,31582
12/09/2019,535.0702,10791
12/10/2019,532.2945,13458
12/11/2019,532.1807,22221
12/12/2019,532.7108,25968
12/13/2019,538.2943,22070
12/16/2019,523.9419,32937
12/17/2019,520.2846,46831
12/18/2019,521.7598,47933
12/19/2019,529.4302,42415
12/20/2019,526.4639,47770
12/23/2019,514.7666,25802
12/24/2019,518.7491,48601
12/25/2019,514.9496,15420
12/26/2019,507.7526,11642
12/27/2019,504.1008,24775
12/30/2019,503.1358,33754
12/31/2019,499.6355,48310
01/01/2020,486.5617,9357
01/02/2020,491.9454,26263
01/03/2020,499.619,18201
01/06/2020,503.675,7739
01/07/2020,496.9498,18231
01/08/2020,495.8973,47278
01/09/2020,496.0073,47495
01/10/2020,499.7202,26168
01/13/2020,503.8779,37624
01/14/2020,499.5899,15635
01/15/2020,500.2313,14964
01/16/2020,503.1263,32785
01/17/2020,512.0668,34510
01/20/2020,516.5495,22261
01/21/2020,521.5955,24254
01/22/2020,522.2766,16392
01/23/2020,531.2731,17336
01/24/2020,534.0449,16939
01/27/2020,528.6868,32412
01/28/2020,537.7487,21676
01/29/2020,542.4136,14843
01/30/2020,539.6925,30112
01/31/2020,536.7491,35598
02/03/2020,538.8204,40454
02/04/2020,541.9769,38001
02/05/2020,543.4226,32228
02/06/2020,545.6157,19429
02/07/2020,556.9097,23758
02/10/2020,564.2378,7272
02/11/2020,565.6978,22350
02/12/2020,572.2575,27538
02/13/2020,565.3387,8400
02/14/2020,568.2079,20371
02/17/2020,580.7151,42310
02/18/2020,579.3699,41291
02/19/2020,573.6505,23147
02/20/2020,569.3338,8291
02/21/2020,562.0602,40256
02/24/2020,556.9358,15892
02/25/2020,554.6267,39326
02/26/2020,545.4383,42458
02/27/2020,545.7042,43889
02/28/2020,551.7764,49966
03/02/2020,545.9314,42207
03/03/2020,556.0483,45288
03/04/2020,559.6234,30995
03/05/2020,566.7121,10409
03/06/2020,562.4085,47438
03/09/2020,568.3443,49874
03/10/2020,561.0677,49702
03/11/2020,567.2299,34823
03/12/2020,568.5697,12869
03/13/2020,572.515,40724
03/16/2020,564.6103,27401
03/17/2020,558.7152,30958
03/18/2020,562.887,15766
03/19/2020,556.6501,24768
03/20/2020,559.9113,35794
03/23/2020,550.8935,31145
03/24/2020,556.6658,15086
03/25/2020,548.5996,48203
03/26/2020,552.4001,31442
03/27/2020,556.713,21412
03/30/2020,552.2252,30596
03/31/2020,556.2477,15255
04/01/2020,558.1531,47406
04/02/2020,554.7114,45524
04/03/2020,548.1644,28332
04/06/2020,535.4187,49624
04/07/2020,537.8259,20764
04/08/2020,527.8881,32563
04/09/2020,528.6504,27139
04/10/2020,527.1378,41370
04/13/2020,531.5919,10062
04/14/2020,529.8246,49645
04/15/2020,527.889,12244
04/16/2020,532.6835,11372
04/17/2020,534.9851,44873
04/20/2020,537.1752,24965
04/21/2020,540.3613,49997
04/22/2020,530.5663,21956
04/23/2020,535.5438,45473
04/24/2020,539.6405,18894
04/27/2020,533.2187,38382
04/28/2020,531.8168,9050
04/29/2020,531.7255,21709
04/30/2020,531.0269,20722
05/01/2020,533.3136,20210
05/04/2020,542.634,41545
05/05/2020,549.8409,43674
05/06/2020,541.3477,39489
05/07/2020,545.5512,22733
05/08/2020,554.4148,25080
05/11/2020,557.1546,41664
05/12/2020,564.6159,44709
05/13/2020,578.4192,43014
05/14/2020,585.6983,46152
05/15/2020,587.6263,32250
05/18/2020,595.172,25229
05/19/2020,596.3853,21475
05/20/2020,596.7353,48876
05/21/2020,594.3979,34011
05/22/2020,605.7277,13128
05/25/2020,599.9605,37450
05/26/2020,611.1728,23897
05/27/2020,615.0222,13168
05/28/2020,604.8795,11861
05/29/2020,607.7295,46758
06/01/2020,592.5969,18750
06/02/2020,597.2227,21988
06/03/2020,603.7461,7979
06/04/2020,599.6356,28524
06/05/2020,600.7045,12065
06/08/2020,614.9712,42684
06/09/2020,611.4234,28184
06/10/2020,603.8376,38365
06/11/2020,614.7549,28704
06/12/2020,629.4175,10622
06/15/2020,629.6342,23261
06/16/2020,637.4653,49932
06/17/2020,647.9183,33419
06/18/2020,642.3398,39467
06/19/2020,638.7918,30605
06/22/2020,648.4187,34171
06/23/2020,661.7243,27164
06/24/2020,666.3925,18796
06/25/2020,659.5568,41854
06/26/2020,675.4816,36320
06/29/2020,671.3803,5665
06/30/2020,668.8817,37694
07/01/2020,671.8302,29230
07/02/2020,684.5613,27995
07/03/2020,691.7818,31784
07/06/2020,695.4333,19605
07/07/2020,699.5082,22463
07/08/2020,700.0833,13419
07/09/2020,704.9823,38837
07/10/2020,683.7942,10263
07/13/2020,681.5655,45719
07/14/2020,683.7437,39131
07/15/2020,674.5049,42276
07/16/2020,677.8342,39523
07/17/2020,676.3743,5519
07/20/2020,690.8255,36106
07/21/2020,704.073,49504
07/22/2020,700.3487,15514
07/23/2020,699.2911,12233
07/24/2020,698.8804,6102
07/27/2020,695.3022,5597
07/28/2020,697.138,24657
07/29/2020,691.0036,43549
07/30/2020,681.8358,48565
07/31/2020,687.1354,11256
08/03/2020,692.5324,48148
08/04/2020,686.0559,34401
08/05/2020,693.6329,46548
08/06/2020,688.584,11554
08/07/2020,690.8825,17664
08/10/2020,697.8909,47367
08/11/2020,697.8188,29386
08/12/2020,701.836,9846
08/13/2020,697.6972,31205
08/14/2020,696.2616,30570
08/17/2020,694.7505,35255
08/18/2020,688.7347,26182
08/19/2020,687.4803,44373
08/20/2020,674.9108,48019
08/21/2020,671.1355,21043
08/24/2020,669.0426,40754
08/25/2020,667.1865,5400
08/26/2020,665.4532,24239
08/27/2020,665.1596,15416
08/28/2020,669.186,8412
08/31/2020,676.4094,21440
09/01/2020,671.3382,29406
09/02/2020,661.8465,6875
09/03/2020,653.769,42066
09/04/2020,650.1429,41536
09/07/2020,647.5924,10752
09/08/2020,641.8029,26217
09/09/2020,632.0133,17489
09/10/2020,628.7436,6353
09/11/2020,630.301,31986
09/14/2020,634.9907,26371
09/15/2020,630.9337,44365
09/16/2020,627.9961,19691
09/17/2020,621.2009,9311
09/18/2020,621.1529,15794
09/21/2020,615.0152,7934
09/22/2020,619.4295,21406
09/23/2020,606.3407,15394
09/24/2020,603.9059,31872
09/25/2020,606.2692,46708
09/28/2020,607.7885,46093
09/29/2020,627.6124,25800
09/30/2020,630.4351,48397
10/01/2020,623.0284,42909
10/02/2020,622.5016,26352
10/05/2020,609.4197,41439
10/06/2020,609.0131,33312
10/07/2020,603.1077,45060
10/08/2020,609.9136,20438
10/09/2020,606.0745,28385
10/12/2020,605.4071,49999
10/13/2020,600.9715,23482
10/14/2020,613.6918,37471
10/15/2020,611.5101,48877
10/16/2020,625.1411,46212
10/19/2020,631.4362,18026
10/20/2020,635.2783,47089
10/21/2020,638.2799,24648
10/22/2020,641.4876,10435
10/23/2020,626.8411,13493
10/26/2020,624.9314,11691
10/27/2020,631.4569,7763
10/28/2020,631.2758,25389
10/29/2020,620.8204,36498
10/30/2020,620.6163,41009
11/02/2020,633.4936,40825
11/03/2020,643.1624,21934
11/04/2020,642.8768,10574
11/05/2020,650.4097,43179
11/06/2020,647.7442,6587
11/09/2020,634.6945,47782
11/10/2020,627.8438,43688
11/11/2020,639.8072,16688
11/12/2020,637.8955,9409
11/13/2020,636.2238,10783
11/16/2020,634.1255,38480
11/17/2020,648.8053,31751
11/18/2020,661.6591,43174
11/19/2020,679.4745,17041
11/20/2020,678.3816,28227
11/23/2020,680.9916,40201
11/24/2020,668.8021,41069
11/25/2020,680.856,21654
11/26/2020,671.5192,31370
11/27/2020,673.4675,34482
11/30/2020,664.8016,16586
12/01/2020,660.3033,10322
12/02/2020,653.8672,18932
12/03/2020,649.2937,34299
12/04/2020,645.2879,30179
12/07/2020,641.236,10257
12/08/2020,647.8407,14777
12/09/2020,639.4458,16249
12/10/2020,641.3299,26390
12/11/2020,650.8957,25369
12/14/2020,647.0825,17881
12/15/2020,641.702,14587
12/16/2020,640.1194,33264
12/17/2020,649.3734,13791
12/18/2020,651.0808,46473
12/21/2020,647.1257,27375
12/22/2020,651.0774,27611
12/23/2020,642.6606,47026
12/24/2020,648.108,12833
12/25/2020,651.4803,20754
12/28/2020,649.2694,47048
12/29/2020,642.9305,17577
12/30/2020,636.2825,36095
12/31/2020,640.5569,26248
01/01/2021,650.1959,40282
01/04/2021,645.4184,41737
01/05/2021,649.1623,36891
01/06/2021,633.0992,29124
01/07/2021,628.8477,9566
01/08/2021,628.802,7196
01/11/2021,622.1265,36115
01/12/2021,615.3216,24859
01/13/2021,610.5754,16345
01/14/2021,612.8995,39077
01/15/2021,611.7056,5864
01/18/2021,595.4594,17055
01/19/2021,580.4846,43157
01/20/2021,576.4314,24747
01/21/2021,579.7702,49484
01/22/2021,560.8291,16978
01/25/2021,557.6342,29599
01/26/2021,554.28,40771
01/27/2021,563.6806,22615
01/28/2021,561.2454,45727
01/29/2021,563.9932,49748
02/01/2021,565.1184,44349
02/02/2021,550.8397,34377
02/03/2021,556.0828,35031
02/04/2021,557.687,47733
02/05/2021,561.2557,16760
02/08/2021,587.8676,38714
02/09/2021,573.3418,30762
02/10/2021,585.3799,39332
02/11/2021,583.5363,45100
02/12/2021,585.7234,9944
02/15/2021,585.5792,18877
02/16/2021,582.7738,34990
02/17/2021,578.9636,47907
02/18/2021,581.4266,39076
02/19/2021,571.0155,8258
02/22/2021,576.3299,36629
02/23/2021,573.6244,42579
02/24/2021,566.0177,27958
02/25/2021,563.1309,44465
02/26/2021,571.7951,25317
03/01/2021,568.2934,20775
03/02/2021,570.9084,16039
03/03/2021,566.072,34097
03/04/2021,571.3903,39207
03/05/2021,576.262,27553
03/08/2021,589.2183,49402
03/09/2021,588.1537,5055
03/10/2021,593.0494,28161
03/11/2021,593.9252,37873
03/12/2021,603.3392,40969
03/15/2021,598.3158,20184
03/16/2021,603.8443,5669
03/17/2021,602.6146,17663
03/18/2021,602.3312,30318
03/19/2021,603.1751,38734
03/22/2021,605.1818,21691
03/23/2021,604.5193,23522
03/24/2021,606.2582,16656
03/25/2021,617.9211,20893
03/26/2021,625.4136,21493
03/29/2021,632.1242,8632
03/30/2021,628.8584,35336
03/31/2021,622.3365,28112
04/01/2021,629.6575,43452
04/02/2021,636.4657,18266
04/05/2021,647.9043,21940
04/06/2021,643.4028,29003
04/07/2021,641.8235,37872
04/08/2021,629.3889,39815
04/09/2021,626.6135,35869
04/12/2021,634.2951,22257
04/13/2021,630.9346,21682
04/14/2021,635.9731,24622
04/15/2021,634.71,35408
04/16/2021,637.3686,13837
04/19/2021,628.7818,20407
04/20/2021,629.6134,34309
04/21/2021,607.2032,11382
04/22/2021,606.0235,32654
04/23/2021,594.3481,23895
04/26/2021,603.1277,38551
04/27/2021,608.9352,26376
04/28/2021,612.5279,5370
04/29/2021,623.8916,5486
04/30/2021,616.9745,28762
05/03/2021,630.0966,31613
05/04/2021,637.334,8196
05/05/2021,635.7161,47320
05/06/2021,644.57,34401
05/07/2021,636.2063,40029
05/10/2021,630.1025,15813
05/11/2021,625.6898,46916
05/12/2021,621.9058,13572
05/13/2021,614.2074,33225
05/14/2021,623.4064,37275
05/17/2021,621.657,11843
05/18/2021,624.4731,6105
05/19/2021,620.3864,48209
05/20/2021,607.0188,36639
05/21/2021,609.1681,47487
05/24/2021,595.3722,23051
05/25/2021,595.0605,33708
05/26/2021,585.4682,40459
05/27/2021,599.6057,16864
05/28/2021,606.3431,39764
05/31/2021,607.2945,6425
06/01/2021,616.686,11849
06/02/2021,610.608,41015
06/03/2021,614.7734,23976
06/04/2021,616.4319,39258
06/07/2021,618.5699,36113
06/08/2021,628.1999,20401
06/09/2021,633.9102,17884
06/10/2021,636.2967,23824
06/11/2021,623.8516,42563
06/14/2021,616.8516,39414
06/15/2021,616.1283,21142
06/16/2021,617.0035,10956
06/17/2021,608.8205,18928
06/18/2021,626.6225,14721
06/21/2021,638.213,16157
06/22/2021,643.0158,40135
06/23/2021,643.7646,11696
06/24/2021,642.3184,32862
06/25/2021,635.1738,10190
06/28/2021,635.9549,9663
06/29/2021,638.1128,44830
06/30/2021,628.7956,9331
07/01/2021,631.5058,49648
07/02/2021,630.5187,33549
07/05/2021,616.2729,21246
07/06/2021,610.095,30761
07/07/2021,607.25,8262
07/08/2021,621.1877,12036
07/09/2021,625.5228,27322
07/12/2021,615.686,24131
07/13/2021,619.4616,9677
07/14/2021,608.1455,12972
07/15/2021,616.2291,20329
07/16/2021,612.9302,42032
07/19/2021,612.4253,40901
07/20/2021,622.3525,49380
07/21/2021,612.9264,25493
07/22/2021,602.8343,23595
07/23/2021,598.7934,26923
07/26/2021,606.4343,14735
07/27/2021,595.5596,39457
07/28/2021,575.4977,47531
07/29/2021,572.5546,12727
07/30/2021,576.5172,12764
08/02/2021,584.9938,32599
08/03/2021,581.918,5818
08/04/2021,579.2195,42289
08/05/2021,587.4137,38892
08/06/2021,574.4101,10660
08/09/2021,571.9044,34521
08/10/2021,573.3828,43409
08/11/2021,576.6457,39470
08/12/2021,573.291,23385
08/13/2021,573.6999,28296
08/16/2021,556.7414,28616
08/17/2021,552.5107,31382
08/18/2021,555.6833,16139
08/19/2021,549.2999,37060
08/20/2021,549.8535,27419
08/23/2021,552.967,32785
08/24/2021,550.8599,20702
08/25/2021,552.1519,34217
08/26/2021,545.9387,44291
08/27/2021,544.7489,17397
08/30/2021,548.9013,45879
08/31/2021,550.0999,40169
09/01/2021,546.3932,31940
09/02/2021,548.0272,47249
09/03/2021,552.8911,33341
09/06/2021,539.4562,15067
09/07/2021,547.1213,18824
09/08/2021,545.0778,18444
09/09/2021,548.0244,38307
09/10/2021,556.0623,15974
09/13/2021,547.0763,43383
09/14/2021,542.583,34290
09/15/2021,540.867,21016
09/16/2021,535.9424,37112
09/17/2021,547.2611,33513
09/20/2021,541.7987,7956
09/21/2021,538.3493,13077
09/22/2021,539.8312,41490
09/23/2021,532.2057,49827
09/24/2021,529.8383,42855
09/27/2021,532.0157,48106
09/28/2021,530.0502,39938
09/29/2021,529.6152,41159
09/30/2021,526.41,44710
10/01/2021,517.0012,23000
10/04/2021,519.1514,18806
10/05/2021,530.2401,17809
10/06/2021,530.5162,19855
10/07/2021,532.1095,46876
10/08/2021,536.6924,34388
10/11/2021,528.6785,11458
10/12/2021,539.6381,40524
10/13/2021,541.1102,11853
10/14/2021,551.8687,45477
10/15/2021,547.1798,37222
10/18/2021,559.2816,23320
10/19/2021,564.6518,33618
10/20/2021,568.5685,22352
10/21/2021,570.3358,12297
10/22/2021,568.8059,32940
10/25/2021,577.171,8203
10/26/2021,578.3163,44267
10/27/2021,564.8387,42941
10/28/2021,557.4358,22273
10/29/2021,556.3599,30368
11/01/2021,558.5964,16650
11/02/2021,558.3847,35984
11/03/2021,566.7201,46941
11/04/2021,553.6213,12382
11/05/2021,554.7413,5801
11/08/2021,542.8057,46002
11/09/2021,547.917,24733
11/10/2021,547.4603,14969
11/11/2021,550.3812,40969
11/12/2021,544.8407,21733
11/15/2021,553.3695,37449
11/16/2021,560.453,31143
11/17/2021,564.5457,30705
11/18/2021,563.8376,33363
11/19/2021,567.9301,35720
11/22/2021,563.2829,14972
11/23/2021,569.2349,38351
11/24/2021,580.673,41145
11/25/2021,588.3073,27412
11/26/2021,583.333,29078
11/29/2021,586.038,27580
11/30/2021,577.1198,19855
12/01/2021,581.257,41169
12/02/2021,584.5744,24569
12/03/2021,571.6332,30738
12/06/2021,563.8353,11772
12/07/2021,562.0887,29874
12/08/2021,560.228,24731
12/09/2021,552.2651,15131
12/10/2021,555.0086,5788
12/13/2021,556.85,21184
12/14/2021,555.7189,35897
12/15/2021,550.8455,7889
12/16/2021,557.9429,14569
12/17/2021,569.1937,26657
12/20/2021,566.0616,15141
12/21/2021,562.0731,24656
12/22/2021,565.5549,26618
12/23/2021,563.2947,16934
12/24/2021,562.5215,47537
12/27/2021,567.6831,28286
12/28/2021,554.8465,12612
12/29/2021,563.7904,37069
12/30/2021,564.4512,21205
12/31/2021,561.8334,32331
01/03/2022,561.4003,18934
01/04/2022,561.3156,15095
01/05/2022,549.823,30958
01/06/2022,559.8514,42008
01/07/2022,560.2969,23706
01/10/2022,563.4436,48516
01/11/2022,570.0464,43066
01/12/2022,563.2321,36472
01/13/2022,566.6011,39629
01/14/2022,564.9513,28004
01/17/2022,570.8614,25431
01/18/2022,556.4605,45088
01/19/2022,555.9657,49135
01/20/2022,552.1107,43015
01/21/2022,555.1402,39502
01/24/2022,558.4381,36385
01/25/2022,553.8636,9663
01/26/2022,549.2964,43677
01/27/2022,548.7317,17818
01/28/2022,542.9922,27686
01/31/2022,548.6414,28977
02/01/2022,546.3752,45931
02/02/2022,527.4794,23454
02/03/2022,525.2652,18358
02/04/2022,518.8766,11668
02/07/2022,508.8751,45769
02/08/2022,501.4714,14921
02/09/2022,502.2802,39959
02/10/2022,510.4391,37328
02/11/2022,512.5106,13859
02/14/2022,508.9343,28970
02/15/2022,511.8713,13872
02/16/2022,509.2049,24230
02/17/2022,505.1133,31708
02/18/2022,498.2678,23847
02/21/2022,487.9428,32105
02/22/2022,485.806,9922
02/23/2022,486.8732,9392
02/24/2022,486.4547,18541
02/25/2022,484.1724,24551
02/28/2022,478.8228,24381
03/01/2022,482.4614,40995
03/02/2022,474.9806,27948
03/03/2022,479.5462,31728
03/04/2022,473.9228,7024
03/07/2022,469.7858,21713
03/08/2022,461.6578,7486
03/09/2022,459.0186,6155
03/10/2022,464.5286,15082
03/11/2022,467.5422,42245
03/14/2022,473.1719,23569
03/15/2022,476.2786,12086
03/16/2022,470.1137,7317
03/17/2022,468.3886,41389
03/18/2022,464.1439,9491
03/21/2022,471.694,20916
03/22/2022,465.0613,20248
03/23/2022,470.1883,7511
03/24/2022,475.3677,29226
03/25/2022,485.9472,30025
03/28/2022,483.704,47314
03/29/2022,487.9837,12848
03/30/2022,501.491,19274
03/31/2022,497.9246,35958
04/01/2022,488.9019,40233
04/04/2022,478.0189,21304
04/05/2022,482.2506,16294
04/06/2022,471.4975,31425
04/07/2022,469.5323,8175
04/08/2022,472.1372,45617
04/11/2022,473.328,32775
04/12/2022,475.8865,14425
04/13/2022,477.2986,31013
04/14/2022,484.7666,32928
04/15/2022,479.3723,49990
04/18/2022,475.6217,46212
04/19/2022,471.3544,13210
04/20/2022,476.1916,7759
04/21/2022,481.4796,21091
04/22/2022,484.2311,5002
04/25/2022,491.2534,45958
04/26/2022,484.4562,35160
04/27/2022,494.2939,25707
04/28/2022,503.4773,20248
04/29/2022,508.0728,10773
05/02/2022,519.0886,17786
05/03/2022,508.9251,20037
05/04/2022,505.875,6885
05/05/2022,501.5631,44828
05/06/2022,506.0559,21331
05/09/2022,499.8306,45612
05/10/2022,504.524,27495
05/11/2022,512.973,18450
05/12/2022,517.4063,14491
05/13/2022,519.3233,14268
05/16/2022,513.3228,32757
05/17/2022,508.2603,46907
05/18/2022,516.0343,11791
05/19/2022,521.0152,44939
05/20/2022,520.9275,33314
05/23/2022,518.4714,33583
05/24/2022,506.0231,26550
05/25/2022,499.6724,5093
05/26/2022,511.2833,40755
05/27/2022,503.5805,14967
05/30/2022,504.8766,21218
05/31/2022,511.1317,48220
06/01/2022,503.5879,13627
06/02/2022,504.8552,9947
06/03/2022,510.6888,44419
06/06/2022,510.9186,28178
06/07/2022,528.6581,33876
06/08/2022,518.2313,27908
06/09/2022,524.9707,40912
06/10/2022,524.0396,24971
06/13/2022,529.0511,37584
06/14/2022,532.0115,13959
06/15/2022,527.4905,33261
06/16/2022,529.0983,46065
06/17/2022,517.4608,44462
06/20/2022,521.362,20835
06/21/2022,523.3838,24257
06/22/2022,527.5519,8346
06/23/2022,534.4088,35807
06/24/2022,536.9266,35418
06/27/2022,538.0418,16340
06/28/2022,532.5146,38012
06/29/2022,528.1232,40393
06/30/2022,535.8025,41617
07/01/2022,545.1984,14597
07/04/2022,543.8041,30557
07/05/2022,544.2674,12737
07/06/2022,538.5225,49768
07/07/2022,546.2627,46101
07/08/2022,550.7885,22276
07/11/2022,563.7841,12310
07/12/2022,558.0111,40167
07/13/2022,555.6473,42408
07/14/2022,557.3572,24344
07/15/2022,561.8483,15391
07/18/2022,560.5628,15892
07/19/2022,554.8588,16197
07/20/2022,560.8939,18050
07/21/2022,565.9159,41142
07/22/2022,559.8633,46615
07/25/2022,569.1376,48728
07/26/2022,577.3004,18535
07/27/2022,578.404,46002
07/28/2022,579.13,48271
07/29/2022,583.1542,10122
08/01/2022,577.299,14852
08/02/2022,577.6803,10387
08/03/2022,562.9329,36759
08/04/2022,569.0224,45399
08/05/2022,558.5308,44994
08/08/2022,568.7749,42876
08/09/2022,566.6923,39878
08/10/2022,565.4229,38725
08/11/2022,561.3333,12146
08/12/2022,559.5615,5560
08/15/2022,569.2544,6312
08/16/2022,552.4309,23205
08/17/2022,561.0618,16595
08/18/2022,563.5059,27030
08/19/2022,555.513,26329
08/22/2022,548.5115,43142
08/23/2022,559.7103,7651
08/24/2022,553.5277,15006
08/25/2022,546.0328,47701
08/26/2022,553.6487,40645
08/29/2022,556.0641,26966
08/30/2022,549.9724,32846
08/31/2022,551.567,26774
09/01/2022,544.9432,9083
09/02/2022,552.3053,38513
09/05/2022,559.5054,13749
09/06/2022,563.2452,35783
09/07/2022,565.8586,22325
09/08/2022,577.9874,23680
09/09/2022,578.1586,22323
09/12/2022,570.1323,27684
09/13/2022,573.3785,39493
09/14/2022,587.9036,17213
09/15/2022,580.921,36831
09/16/2022,578.5755,47296
09/19/2022,581.6405,32713
09/20/2022,581.4387,46621
09/21/2022,574.7594,12187
09/22/2022,582.6694,37800
09/23/2022,599.066,37583
09/26/2022,600.6556,19408
09/27/2022,594.3194,27369
09/28/2022,583.4508,8414
09/29/2022,585.432,24510
09/30/2022,593.3626,17120
10/03/2022,596.924,39311
10/04/2022,597.0858,38039
10/05/2022,593.0428,10295
10/06/2022,585.4483,25460
10/07/2022,591.4884,19963
10/10/2022,598.1517,16580
10/11/2022,587.2361,27286
10/12/2022,598.6156,32328
10/13/2022,602.919,24093
10/14/2022,613.226,26605
10/17/2022,603.5336,49813
10/18/2022,593.8228,47705
10/19/2022,592.9394,11722
10/20/2022,596.6948,45969
10/21/2022,609.7363,41912
10/24/2022,615.0855,43374
10/25/2022,613.4788,11766
10/26/2022,606.107,20928
10/27/2022,615.2349,26274
10/28/2022,608.2973,39416
10/31/2022,620.3669,25612
11/01/2022,618.4359,39898
11/02/2022,630.4255,34047
11/03/2022,635.7508,48356
11/04/2022,634.8964,42134
11/07/2022,631.1297,6506
11/08/2022,628.7372,20222
11/09/2022,632.1574,17363
11/10/2022,632.9323,24613
11/11/2022,628.6121,49563
11/14/2022,627.5513,35628
11/15/2022,628.3313,47626
11/16/2022,612.4692,9136
11/17/2022,616.0203,16161
11/18/2022,608.9628,40457
11/21/2022,600.7174,28574
11/22/2022,588.7342,31902
11/23/2022,576.2373,7810
11/24/2022,567.0375,16663
11/25/2022,562.3831,11152
11/28/2022,575.7336,5012
11/29/2022,572.2731,16162
11/30/2022,573.6654,27322
12/01/2022,576.5944,12999
12/02/2022,577.6743,12219
12/05/2022,577.3107,10328
12/06/2022,569.2033,8621
12/07/2022,579.2845,29256
12/08/2022,592.0208,49433
12/09/2022,580.2444,16314
12/12/2022,573.2883,5652
12/13/2022,571.5353,21182
12/14/2022,565.0915,46580
12/15/2022,568.6921,41558
12/16/2022,563.8927,20659
12/19/2022,578.7122,39413
12/20/2022,587.1536,15435
12/21/2022,588.8276,33067
12/22/2022,596.2608,27258
12/23/2022,604.3526,33287
12/26/2022,600.444,8688
12/27/2022,594.743,12689
12/28/2022,595.4791,6379
12/29/2022,601.8148,42011
12/30/2022,602.9996,48005
01/02/2023,591.7694,32624
01/03/2023,586.2459,30964
01/04/2023,585.9013,27891
01/05/2023,585.5451,43379
01/06/2023,599.5809,17516
01/09/2023,589.7887,18886
01/10/2023,593.5439,25307
01/11/2023,604.3282,29843
01/12/2023,620.9819,10912
01/13/2023,618.1547,26514
01/16/2023,621.9855,26823
01/17/2023,626.4247,33797
01/18/2023,628.0821,11449
01/19/2023,627.5255,6725
01/20/2023,630.9968,20870
01/23/2023,612.012,14304
01/24/2023,617.2049,12522
01/25/2023,618.3246,18663
01/26/2023,616.8593,9784
01/27/2023,632.1959,14472
01/30/2023,627.2653,33952
01/31/2023,624.4194,15055
02/01/2023,639.5295,34508
02/02/2023,633.3358,17676
02/03/2023,629.3449,30192
02/06/2023,628.4234,29722
02/07/2023,634.952,12446
02/08/2023,636.7258,9725
02/09/2023,627.0402,25061
02/10/2023,623.224,27671
02/13/2023,618.8688,6409
02/14/2023,618.481,13205
02/15/2023,621.827,21365
02/16/2023,625.1342,5256
02/17/2023,611.9988,20704
02/20/2023,619.996,34902
02/21/2023,622.0611,40758
02/22/2023,632.5828,6195
02/23/2023,636.1445,39012
02/24/2023,644.7426,16415
02/27/2023,648.5456,44534
02/28/2023,659.2173,26686
03/01/2023,663.5463,16662
03/02/2023,662.9657,33743
03/03/2023,681.2432,37161
03/06/2023,688.7154,48081
03/07/2023,693.6637,7402
03/08/2023,683.2479,18275
03/09/2023,672.8901,33182
03/10/2023,675.4556,19915
03/13/2023,676.8377,5909
03/14/2023,672.0528,5372
03/15/2023,673.3914,27620
03/16/2023,686.4306,39112
03/17/2023,692.3647,13515
03/20/2023,683.0925,7431
03/21/2023,682.3834,26054
03/22/2023,675.9965,37624
03/23/2023,673.0543,15585
03/24/2023,669.9156,36958
03/27/2023,666.2768,6695
03/28/2023,656.4415,39675
03/29/2023,655.6328,38787
03/30/2023,651.4189,49225
03/31/2023,628.7147,6403
04/03/2023,644.3922,22810
04/04/2023,653.0046,13855
04/05/2023,650.2518,43636
04/06/2023,650.5937,15839
04/07/2023,641.6417,5010
04/10/2023,654.8907,44098
04/11/2023,669.9974,14230
04/12/2023,671.4582,45232
04/13/2023,679.9067,40771
04/14/2023,681.5408,34256
04/17/2023,670.8129,30651
04/18/2023,667.6991,37383
04/19/2023,668.9564,44963
04/20/2023,665.5082,18662
04/21/2023,663.9617,18739
04/24/2023,663.4327,6789
04/25/2023,662.9878,24420
04/26/2023,663.6025,28761
04/27/2023,655.3557,45366
04/28/2023,649.9135,42606
05/01/2023,640.0901,43640
05/02/2023,647.7928,49135
05/03/2023,631.6188,42067
05/04/2023,640.5519,22357
05/05/2023,651.4004,44851
05/08/2023,649.2337,43262
05/09/2023,629.1479,16317
05/10/2023,626.6089,26534
05/11/2023,626.3142,30734
05/12/2023,618.9067,40897
05/15/2023,615.2659,37872
05/16/2023,626.7482,45201
05/17/2023,631.9371,12689
05/18/2023,625.1155,8567
05/19/2023,613.3189,25732
05/22/2023,611.0961,25774
05/23/2023,609.7141,28195
05/24/2023,613.5275,42412
05/25/2023,609.7704,49098
05/26/2023,613.6961,27257
05/29/2023,628.1313,9394
05/30/2023,634.4667,41302
05/31/2023,634.2909,27228
06/01/2023,633.0871,17388
06/02/2023,630.5674,16319
06/05/2023,639.6902,11475
06/06/2023,635.0667,36555
06/07/2023,635.6019,23158
06/08/2023,636.183,19728
06/09/2023,632.5432,49774
06/12/2023,622.3152,34545
06/13/2023,624.9138,36100
06/14/2023,624.6438,21150
06/15/2023,628.5809,38214
06/16/2023,624.7445,37876
06/19/2023,634.0844,8239
06/20/2023,627.6032,43699
06/21/2023,640.6853,41821
06/22/2023,627.4412,35615
06/23/2023,630.903,18746
06/26/2023,634.6917,25921
06/27/2023,628.8229,27745
06/28/2023,632.2139,6245
06/29/2023,642.1108,29853
06/30/2023,625.2221,32632
07/03/2023,629.1816,17856
07/04/2023,610.5457,10105
07/05/2023,603.6539,40690
07/06/2023,615.6364,7513
07/07/2023,611.5231,7801
07/10/2023,603.0923,37345
07/11/2023,601.8407,18895
07/12/2023,616.9559,44749
07/13/2023,603.5801,13221
07/14/2023,596.1466,11038
07/17/2023,607.0377,37031
07/18/2023,620.7522,20082
07/19/2023,620.168,19648
07/20/2023,611.133,5364
07/21/2023,626.6864,39568
07/24/2023,638.865,19110
07/25/2023,644.2617,10958
07/26/2023,638.1742,14096
07/27/2023,637.9901,12436
07/28/2023,636.9538,26177
07/31/2023,639.6738,31754
08/01/2023,651.0037,29544
08/02/2023,658.069,17638
08/03/2023,649.7586,5179
08/04/2023,660.6862,8873
08/07/2023,663.367,22570
08/08/2023,669.0353,22157
08/09/2023,681.0101,9460
08/10/2023,672.1304,5352
08/11/2023,672.0431,26586
08/14/2023,667.9588,10344
08/15/2023,655.592,9507
08/16/2023,658.5162,42598
08/17/2023,678.5606,48988
08/18/2023,663.7809,37885
08/21/2023,663.7229,21865
08/22/2023,669.0238,42055
08/23/2023,670.2126,32213
08/24/2023,669.5038,9477
08/25/2023,659.2667,11533
08/28/2023,661.3061,28396
08/29/2023,655.4991,17755
08/30/2023,638.4698,5865
08/31/2023,647.8139,16173
09/01/2023,655.4585,43097
09/04/2023,656.0615,38371
09/05/2023,658.0617,43524
09/06/2023,666.7428,16254
09/07/2023,668.7377,9018
09/08/2023,676.1929,10192
09/11/2023,673.9819,7015
09/12/2023,684.7952,47618
09/13/2023,687.6367,8380
09/14/2023,689.4442,33343
09/15/2023,679.1434,8770
09/18/2023,681.6858,10829
09/19/2023,675.0847,39381
09/20/2023,670.1165,20545
09/21/2023,663.7608,23263
09/22/2023,655.4672,43140
09/25/2023,672.3764,48306
09/26/2023,683.3201,30675
09/27/2023,699.2718,30362
09/28/2023,689.2199,5148
09/29/2023,690.016,6754
10/02/2023,679.5125,31745
10/03/2023,674.0436,12378
10/04/2023,666.8195,25140
10/05/2023,676.9385,14371
10/06/2023,673.9229,31999
10/09/2023,682.7651,17779
10/10/2023,687.9196,36075
10/11/2023,707.1426,35697
10/12/2023,694.8006,14795
10/13/2023,705.5081,43460
10/16/2023,715.4256,9218
10/17/2023,707.2837,42571
10/18/2023,716.0438,16672
10/19/2023,719.147,36042
10/20/2023,717.3996,40950
10/23/2023,710.5218,16009
10/24/2023,704.6036,24544
10/25/2023,722.1466,34381
10/26/2023,722.3692,30287
10/27/2023,729.3658,7586
10/30/2023,722.6623,7648
10/31/2023,716.1163,45081
11/01/2023,725.629,23101
11/02/2023,714.0952,26692
11/03/2023,710.7514,12407
11/06/2023,711.2549,22254
11/07/2023,712.4188,20234
11/08/2023,711.1015,27211
11/09/2023,714.6924,34480
11/10/2023,720.849,29846
11/13/2023,727.42,47503
11/14/2023,719.0331,20321
11/15/2023,716.797,17646
11/16/2023,727.2888,27117
11/17/2023,735.315,9893
11/20/2023,723.4218,14476
11/21/2023,726.6901,22270
11/22/2023,709.6574,26702
11/23/2023,710.27,9382
11/24/2023,726.6582,6785
11/27/2023,718.6107,16735
11/28/2023,711.6316,35177
11/29/2023,718.3696,35712
11/30/2023,705.2855,21679
12/01/2023,700.1418,48013
12/04/2023,705.3629,40365
12/05/2023,700.2057,22064
12/06/2023,698.4331,35563
12/07/2023,704.8798,38092
12/08/2023,708.6569,31867
12/11/2023,711.1385,38754
12/12/2023,708.4579,24502
12/13/2023,711.8165,5760
12/14/2023,710.9731,29142
12/15/2023,715.0923,49653
12/18/2023,711.0426,46996
12/19/2023,709.6981,22290
12/20/2023,701.4802,10499
12/21/2023,701.3959,5364
12/22/2023,694.7803,24797
12/25/2023,685.7006,45795
12/26/2023,688.0346,37535
12/27/2023,689.9975,21105
12/28/2023,696.6867,12939
12/29/2023,693.2914,18936
