Trade_Date,Close_Price,AUM_M
2010-01-04,49.9413,492.82
2010-01-05,50.4203,125.21
2010-01-06,50.4212,461.2
2010-01-07,50.2771,425.63
2010-01-08,50.3412,225.7
2010-01-11,49.9054,489.41
2010-01-12,49.6684,215.18
2010-01-13,48.1343,455.72
2010-01-14,48.8566,452.3
2010-01-15,49.0952,403.06
2010-01-18,48.5452,325.39
2010-01-19,49.9472,148.0
2010-01-20,50.0324,312.79
2010-01-21,49.2748,242.72
2010-01-22,49.9278,416.89
2010-01-25,50.2458,403.25
2010-01-26,50.5633,464.25
2010-01-27,50.2606,105.93
2010-01-28,50.6204,423.64
2010-01-29,50.4419,475.38
2010-02-01,50.8827,415.72
2010-02-02,49.4491,152.08
2010-02-03,49.1471,132.51
2010-02-04,50.4363,108.34
2010-02-05,49.8762,351.5
2010-02-08,49.4443,351.87
2010-02-09,49.1319,494.77
2010-02-10,48.2563,259.22
2010-02-11,46.6771,232.76
2010-02-12,46.5343,349.77
2010-02-15,46.6478,430.24
2010-02-16,46.6297,474.71
2010-02-17,46.547,421.25
2010-02-18,46.5957,270.67
2010-02-19,47.3292,353.97
2010-02-22,47.213,442.52
2010-02-23,46.8253,296.24
2010-02-24,46.6465,186.67
2010-02-25,47.0706,167.89
2010-02-26,48.0864,100.06
2010-03-01,47.6525,387.3
2010-03-02,47.7423,144.44
2010-03-03,48.0037,197.54
2010-03-04,47.3082,219.15
2010-03-05,47.3416,324.15
2010-03-08,46.3197,259.18
2010-03-09,45.1091,369.87
2010-03-10,45.3753,122.26
2010-03-11,45.1322,149.58
2010-03-12,45.2872,299.68
2010-03-15,45.2932,234.79
2010-03-16,44.6479,218.33
2010-03-17,44.6355,126.81
2010-03-18,43.8277,458.29
2010-03-19,44.7597,376.73
2010-03-22,43.8672,148.65
2010-03-23,43.7559,126.02
2010-03-24,43.0894,489.95
2010-03-25,43.4753,372.47
2010-03-26,43.2765,266.98
2010-03-29,42.9571,380.69
2010-03-30,43.5241,402.53
2010-03-31,43.5607,411.98
2010-04-01,43.9157,291.15
2010-04-02,43.2869,271.95
2010-04-05,42.392,104.41
2010-04-06,42.4771,470.62
2010-04-07,42.291,341.32
2010-04-08,42.7053,181.26
2010-04-09,42.6712,467.84
2010-04-12,42.8195,465.97
2010-04-13,41.794,495.67
2010-04-14,42.9946,449.62
2010-04-15,42.9058,499.11
2010-04-16,43.3719,197.87
2010-04-19,42.8454,436.9
2010-04-20,43.0604,429.21
2010-04-21,42.2362,192.38
2010-04-22,42.5394,139.38
2010-04-23,42.3293,491.77
2010-04-26,42.3648,218.41
2010-04-27,42.8253,448.36
2010-04-28,42.0506,101.65
2010-04-29,41.6357,108.41
2010-04-30,41.938,286.35
2010-05-03,43.2747,195.49
2010-05-04,43.2024,375.94
2010-05-05,43.6027,326.23
2010-05-06,43.5502,130.99
2010-05-07,44.8364,165.05
2010-05-10,43.6792,255.22
2010-05-11,43.7587,174.24
2010-05-12,42.7092,416.89
2010-05-13,41.1205,266.43
2010-05-14,41.3204,137.37
2010-05-17,41.4234,293.74
2010-05-18,41.263,136.34
2010-05-19,41.2138,151.57
2010-05-20,43.1457,195.84
2010-05-21,42.9958,443.81
2010-05-24,43.342,469.85
2010-05-25,42.9372,430.5
2010-05-26,43.1445,233.63
2010-05-27,43.0076,208.98
2010-05-28,42.76,319.66
2010-05-31,43.9437,388.74
2010-06-01,44.7373,497.35
2010-06-02,44.8469,152.63
2010-06-03,43.3148,119.72
2010-06-04,43.0976,377.74
2010-06-07,44.8622,432.89
2010-06-08,44.7249,438.54
2010-06-09,45.483,371.39
2010-06-10,46.4849,481.61
2010-06-11,46.6562,304.4
2010-06-14,46.0857,465.53
2010-06-15,44.4206,487.12
2010-06-16,44.8943,438.86
2010-06-17,44.3636,223.9
2010-06-18,44.4985,178.49
2010-06-21,43.6821,319.25
2010-06-22,43.5258,281.21
2010-06-23,43.5652,451.1
2010-06-24,43.7581,140.01
2010-06-25,43.0439,203.1
2010-06-28,43.8339,400.72
2010-06-29,43.459,137.99
2010-06-30,42.3848,228.31
2010-07-01,42.3325,254.86
2010-07-02,42.3712,349.04
2010-07-05,42.4902,163.25
2010-07-06,43.3754,444.24
2010-07-07,43.2389,279.02
2010-07-08,43.1786,466.81
2010-07-09,42.4814,287.15
2010-07-12,43.0212,210.02
2010-07-13,43.1574,156.73
2010-07-14,42.9027,101.5
2010-07-15,41.6942,312.86
2010-07-16,42.6142,142.86
2010-07-19,41.8465,256.69
2010-07-20,41.4921,335.71
2010-07-21,41.7317,210.27
2010-07-22,40.9994,170.09
2010-07-23,40.0973,409.89
2010-07-26,38.8359,478.72
2010-07-27,39.2714,140.18
2010-07-28,38.966,162.24
2010-07-29,40.6925,484.01
2010-07-30,40.1018,115.11
2010-08-02,39.5636,491.05
2010-08-03,39.2439,101.86
2010-08-04,39.4027,449.47
2010-08-05,39.1406,222.93
2010-08-06,39.5157,475.44
2010-08-09,38.9515,226.78
2010-08-10,38.1598,361.72
2010-08-11,37.1458,132.01
2010-08-12,35.9217,196.93
2010-08-13,35.6569,409.47
2010-08-16,35.5102,311.47
2010-08-17,35.1881,471.19
2010-08-18,35.8585,271.5
2010-08-19,36.5333,447.92
2010-08-20,36.3645,279.58
2010-08-23,35.4005,491.7
2010-08-24,35.1137,483.93
2010-08-25,34.8118,231.65
2010-08-26,34.4826,454.37
2010-08-27,34.1355,439.04
2010-08-30,33.8146,184.27
2010-08-31,33.6321,349.72
2010-09-01,33.3249,129.07
2010-09-02,33.4424,434.68
2010-09-03,33.6365,169.82
2010-09-06,33.1905,128.33
2010-09-07,33.8366,260.09
2010-09-08,33.3527,330.77
2010-09-09,32.5567,441.97
2010-09-10,32.7556,489.7
2010-09-13,32.3671,275.8
2010-09-14,32.5361,124.18
2010-09-15,31.376,399.65
2010-09-16,32.0439,326.07
2010-09-17,32.3798,279.16
2010-09-20,31.664,223.71
2010-09-21,30.9743,300.96
2010-09-22,31.7637,235.47
2010-09-23,31.425,402.8
2010-09-24,31.0444,317.56
2010-09-27,30.0016,450.74
2010-09-28,29.8557,317.42
2010-09-29,29.7657,195.3
2010-09-30,30.0971,440.44
2010-10-01,29.4775,322.89
2010-10-04,28.8171,182.74
2010-10-05,29.0235,349.4
2010-10-06,29.4734,243.09
2010-10-07,28.7906,437.76
2010-10-08,29.2692,281.32
2010-10-11,29.2974,390.58
2010-10-12,29.7889,138.21
2010-10-13,29.7694,258.41
2010-10-14,28.655,493.3
2010-10-15,28.6012,423.38
2010-10-18,29.0674,163.98
2010-10-19,28.6894,211.11
2010-10-20,28.5339,231.93
2010-10-21,28.4699,360.15
2010-10-22,27.2431,402.8
2010-10-25,27.937,399.81
2010-10-26,27.5704,303.95
2010-10-27,27.7906,424.33
2010-10-28,27.7656,274.83
2010-10-29,28.3004,149.55
2010-11-01,28.4841,325.78
2010-11-02,28.3952,480.92
2010-11-03,28.0259,417.2
2010-11-04,28.3726,331.48
2010-11-05,27.5866,358.72
2010-11-08,27.8649,472.22
2010-11-09,27.4167,271.34
2010-11-10,27.9426,232.56
2010-11-11,28.0214,490.9
2010-11-12,28.3034,445.38
2010-11-15,28.3495,229.22
2010-11-16,27.6157,285.51
2010-11-17,27.2702,266.03
2010-11-18,27.5561,159.64
2010-11-19,27.636,483.13
2010-11-22,28.1366,261.72
2010-11-23,28.3181,450.13
2010-11-24,27.9188,175.74
2010-11-25,27.5966,319.15
2010-11-26,27.6502,109.58
2010-11-29,26.7015,405.69
2010-11-30,27.3825,332.37
2010-12-01,27.5749,350.24
2010-12-02,28.0934,120.69
2010-12-03,27.4386,184.42
2010-12-06,27.9618,129.73
2010-12-07,28.9089,215.57
2010-12-08,28.3477,350.98
2010-12-09,28.6871,326.47
2010-12-10,28.699,344.86
2010-12-13,28.0456,319.7
2010-12-14,28.2642,209.21
2010-12-15,28.6289,197.8
2010-12-16,28.3822,154.82
2010-12-17,28.89,439.63
2010-12-20,28.1792,346.59
2010-12-21,27.5587,174.6
2010-12-22,27.6262,170.88
2010-12-23,27.6477,449.21
2010-12-24,27.3616,397.09
2010-12-27,27.7049,363.76
2010-12-28,27.9366,262.75
2010-12-29,28.3073,204.79
2010-12-30,28.2664,491.78
2010-12-31,28.5332,418.9
2011-01-03,28.3538,220.71
2011-01-04,29.2387,439.03
2011-01-05,28.894,403.57
2011-01-06,29.818,218.83
2011-01-07,29.8456,270.62
2011-01-10,29.2417,174.38
2011-01-11,29.8535,144.42
2011-01-12,29.9218,389.1
2011-01-13,30.3158,207.0
2011-01-14,30.8844,428.02
2011-01-17,31.0534,498.24
2011-01-18,30.7899,130.65
2011-01-19,31.2529,289.21
2011-01-20,31.2657,420.83
2011-01-21,31.5999,415.58
2011-01-24,30.5917,404.0
2011-01-25,30.809,239.6
2011-01-26,30.5262,281.54
2011-01-27,31.2955,337.99
2011-01-28,31.6005,489.58
2011-01-31,31.7268,231.02
2011-02-01,31.9709,469.26
2011-02-02,31.5049,207.74
2011-02-03,32.2846,495.63
2011-02-04,33.2619,368.11
2011-02-07,33.4712,285.4
2011-02-08,34.2831,345.36
2011-02-09,34.0041,209.01
2011-02-10,33.6112,209.67
2011-02-11,33.6452,145.42
2011-02-14,33.8782,145.62
2011-02-15,33.6915,239.07
2011-02-16,33.9768,405.14
2011-02-17,34.1465,343.19
2011-02-18,33.6489,141.03
2011-02-21,33.9242,440.89
2011-02-22,34.3772,340.55
2011-02-23,34.4793,484.34
2011-02-24,35.0893,368.07
2011-02-25,34.4625,170.07
2011-02-28,34.7182,289.51
2011-03-01,34.1227,359.4
2011-03-02,33.5661,111.31
2011-03-03,33.2618,105.96
2011-03-04,32.8051,151.76
2011-03-07,32.5486,200.67
2011-03-08,32.4571,271.82
2011-03-09,32.8776,294.98
2011-03-10,32.7324,155.21
2011-03-11,31.9669,369.36
2011-03-14,32.5264,338.46
2011-03-15,32.131,217.79
2011-03-16,32.1156,105.46
2011-03-17,32.3435,131.06
2011-03-18,32.4533,256.68
2011-03-21,32.9989,161.59
2011-03-22,33.2492,250.73
2011-03-23,32.8329,351.27
2011-03-24,33.919,318.89
2011-03-25,34.0314,192.47
2011-03-28,33.9698,237.53
2011-03-29,34.4746,345.61
2011-03-30,34.6174,444.34
2011-03-31,34.8385,401.29
2011-04-01,36.1548,321.36
2011-04-04,36.0201,244.92
2011-04-05,35.8628,246.02
2011-04-06,35.9399,451.77
2011-04-07,36.5319,115.7
2011-04-08,35.721,495.19
2011-04-11,34.6821,365.75
2011-04-12,34.3905,372.46
2011-04-13,33.5614,115.2
2011-04-14,33.361,342.21
2011-04-15,33.6258,293.91
2011-04-18,33.1899,142.31
2011-04-19,32.4929,211.17
2011-04-20,32.5397,456.13
2011-04-21,32.9737,320.0
2011-04-22,32.1485,265.37
2011-04-25,32.5569,129.07
2011-04-26,32.9691,385.65
2011-04-27,33.4541,381.14
2011-04-28,34.0789,345.62
2011-04-29,35.2182,304.11
2011-05-02,35.0442,273.51
2011-05-03,35.1158,337.31
2011-05-04,34.9105,193.36
2011-05-05,34.9255,476.5
2011-05-06,35.7425,335.52
2011-05-09,35.0357,224.48
2011-05-10,34.5972,279.87
2011-05-11,35.3257,422.27
2011-05-12,35.8803,164.65
2011-05-13,35.6992,217.13
2011-05-16,36.1711,371.8
2011-05-17,36.3707,226.2
2011-05-18,37.2037,417.0
2011-05-19,37.2602,152.18
2011-05-20,37.8483,405.07
2011-05-23,39.3634,127.34
2011-05-24,39.7323,105.04
2011-05-25,39.7775,459.29
2011-05-26,40.2245,332.54
2011-05-27,40.0202,240.73
2011-05-30,41.4697,193.04
2011-05-31,41.5983,346.75
2011-06-01,41.4447,303.6
2011-06-02,40.9417,496.64
2011-06-03,41.6319,493.29
2011-06-06,42.1901,354.01
2011-06-07,41.8922,277.15
2011-06-08,42.2712,296.46
2011-06-09,41.3316,372.99
2011-06-10,41.4628,140.63
2011-06-13,41.761,231.34
2011-06-14,42.8472,130.11
2011-06-15,42.3689,129.34
2011-06-16,41.5734,178.34
2011-06-17,41.0317,294.1
2011-06-20,40.2255,413.91
2011-06-21,41.0481,294.2
2011-06-22,42.018,234.19
2011-06-23,42.2366,132.94
2011-06-24,43.0273,320.12
2011-06-27,43.131,208.51
2011-06-28,43.0867,345.97
2011-06-29,42.8887,490.88
2011-06-30,42.7061,144.53
2011-07-01,41.7317,184.85
2011-07-04,41.9138,289.24
2011-07-05,41.9052,487.45
2011-07-06,42.3905,408.72
2011-07-07,42.4669,459.29
2011-07-08,42.3803,233.49
2011-07-11,41.8434,496.82
2011-07-12,41.9054,141.13
2011-07-13,42.3862,121.19
2011-07-14,41.6763,442.24
2011-07-15,41.7476,470.91
2011-07-18,41.9102,136.23
2011-07-19,41.4756,145.37
2011-07-20,41.1265,113.27
2011-07-21,41.2852,141.8
2011-07-22,40.5998,183.77
2011-07-25,40.8291,488.03
2011-07-26,40.2971,367.14
2011-07-27,40.9557,411.42
2011-07-28,42.4083,410.46
2011-07-29,41.8777,314.03
2011-08-01,42.23,419.0
2011-08-02,41.7865,338.32
2011-08-03,42.4557,225.82
2011-08-04,41.6669,324.44
2011-08-05,41.984,313.4
2011-08-08,41.451,429.38
2011-08-09,41.3389,492.69
2011-08-10,40.7161,264.42
2011-08-11,41.2346,405.36
2011-08-12,40.7334,139.91
2011-08-15,41.087,410.73
2011-08-16,40.8913,248.57
2011-08-17,40.8375,115.76
2011-08-18,40.9443,245.3
2011-08-19,40.4928,344.26
2011-08-22,40.6368,147.7
2011-08-23,41.5859,469.61
2011-08-24,41.1171,131.07
2011-08-25,41.8563,472.0
2011-08-26,42.8136,382.86
2011-08-29,42.3066,231.88
2011-08-30,41.4002,256.3
2011-08-31,41.6042,396.32
2011-09-01,41.2793,340.59
2011-09-02,42.4528,368.66
2011-09-05,42.4919,255.67
2011-09-06,41.9976,295.13
2011-09-07,41.2918,495.95
2011-09-08,41.9833,185.57
2011-09-09,41.6404,267.14
2011-09-12,41.6845,216.73
2011-09-13,42.2988,406.04
2011-09-14,42.0084,405.61
2011-09-15,41.9963,216.98
2011-09-16,42.0027,132.56
2011-09-19,42.45,104.57
2011-09-20,42.8431,270.98
2011-09-21,42.7188,264.14
2011-09-22,42.7767,495.36
2011-09-23,42.5552,287.92
2011-09-26,41.629,202.57
2011-09-27,41.8066,456.49
2011-09-28,43.0099,296.43
2011-09-29,42.4569,339.67
2011-09-30,41.9816,138.27
2011-10-03,41.4501,253.17
2011-10-04,41.9172,477.69
2011-10-05,42.2159,335.8
2011-10-06,42.1324,237.8
2011-10-07,41.5691,350.27
2011-10-10,41.6433,464.16
2011-10-11,40.6827,209.6
2011-10-12,40.7865,302.05
2011-10-13,41.336,483.48
2011-10-14,40.5767,168.96
2011-10-17,39.6602,387.87
2011-10-18,40.6156,345.79
2011-10-19,40.2592,371.87
2011-10-20,40.9613,240.49
2011-10-21,40.883,225.55
2011-10-24,40.8001,373.68
2011-10-25,41.0847,186.22
2011-10-26,40.5564,267.86
2011-10-27,40.6532,175.27
2011-10-28,40.4368,103.32
2011-10-31,39.652,488.02
2011-11-01,39.8686,272.68
2011-11-02,39.7271,487.74
2011-11-03,39.6494,156.13
2011-11-04,38.9456,334.95
2011-11-07,39.8908,180.39
2011-11-08,40.4314,416.03
2011-11-09,41.0323,413.48
2011-11-10,40.8607,145.04
2011-11-11,39.8172,464.83
2011-11-14,40.9995,177.85
2011-11-15,40.9783,345.19
2011-11-16,40.5345,494.25
2011-11-17,40.8041,452.96
2011-11-18,41.5348,482.63
2011-11-21,41.537,237.04
2011-11-22,42.3503,142.23
2011-11-23,43.0552,175.34
2011-11-24,42.3772,300.2
2011-11-25,41.9659,417.29
2011-11-28,42.5854,160.06
2011-11-29,40.8697,363.89
2011-11-30,40.7944,229.43
2011-12-01,39.9352,236.48
2011-12-02,39.6657,364.77
2011-12-05,39.5038,286.8
2011-12-06,39.3073,424.81
2011-12-07,38.9974,162.37
2011-12-08,38.3712,415.98
2011-12-09,39.7057,125.69
2011-12-12,40.8338,177.62
2011-12-13,40.1384,362.46
2011-12-14,41.107,441.97
2011-12-15,40.8771,201.07
2011-12-16,40.9727,230.88
2011-12-19,40.9502,314.85
2011-12-20,40.5613,184.63
2011-12-21,41.1761,424.46
2011-12-22,41.2704,409.45
2011-12-23,40.9919,158.12
2011-12-26,40.2061,285.53
2011-12-27,39.6833,409.93
2011-12-28,38.7221,234.93
2011-12-29,38.7447,353.24
2011-12-30,38.0647,120.09
2012-01-02,37.9283,343.48
2012-01-03,38.723,161.06
2012-01-04,39.4351,432.23
2012-01-05,39.4317,242.18
2012-01-06,39.396,212.62
2012-01-09,40.5227,436.36
2012-01-10,40.8554,120.06
2012-01-11,40.6709,258.64
2012-01-12,39.8172,248.0
2012-01-13,40.0683,213.92
2012-01-16,40.5828,464.7
2012-01-17,40.2145,400.37
2012-01-18,40.4063,125.57
2012-01-19,40.2021,385.87
2012-01-20,40.1072,310.92
2012-01-23,38.6265,460.35
2012-01-24,38.5135,225.18
2012-01-25,39.0889,329.66
2012-01-26,38.7343,300.3
2012-01-27,38.7803,295.82
2012-01-30,38.3561,282.44
2012-01-31,38.5788,182.25
2012-02-01,38.469,402.28
2012-02-02,37.9424,280.53
2012-02-03,38.7159,483.41
2012-02-06,39.2709,204.32
2012-02-07,38.9303,373.1
2012-02-08,39.2365,476.29
2012-02-09,39.5685,365.38
2012-02-10,39.9656,448.51
2012-02-13,38.9659,430.99
2012-02-14,39.5698,244.05
2012-02-15,39.2475,340.05
2012-02-16,39.0525,162.5
2012-02-17,40.6134,314.21
2012-02-20,40.8136,192.17
2012-02-21,40.5934,397.49
2012-02-22,39.2668,311.22
2012-02-23,40.1011,264.49
2012-02-24,39.308,207.52
2012-02-27,38.732,499.48
2012-02-28,38.555,128.68
2012-02-29,39.3896,117.42
2012-03-01,39.8622,186.9
2012-03-02,39.7838,488.43
2012-03-05,39.9837,491.7
2012-03-06,39.6396,361.97
2012-03-07,39.7385,452.04
2012-03-08,39.7981,185.58
2012-03-09,40.3923,488.82
2012-03-12,40.9945,157.11
2012-03-13,41.3146,140.45
2012-03-14,41.1066,144.88
2012-03-15,41.5805,329.25
2012-03-16,41.5397,412.39
2012-03-19,40.8822,246.67
2012-03-20,40.6513,491.16
2012-03-21,40.7191,273.77
2012-03-22,41.2913,160.18
2012-03-23,41.1941,286.39
2012-03-26,40.4634,371.61
2012-03-27,40.5141,432.89
2012-03-28,40.5992,283.51
2012-03-29,40.7286,337.44
2012-03-30,41.3069,206.94
2012-04-02,41.9547,358.37
2012-04-03,41.5976,494.39
2012-04-04,41.2298,119.62
2012-04-05,40.6029,454.61
2012-04-06,41.0448,324.91
2012-04-09,41.9532,200.84
2012-04-10,41.7717,481.96
2012-04-11,41.6371,293.34
2012-04-12,42.5699,232.68
2012-04-13,42.9097,172.6
2012-04-16,43.2077,197.78
2012-04-17,42.4531,433.14
2012-04-18,42.9023,345.76
2012-04-19,42.3215,465.3
2012-04-20,41.6186,192.79
2012-04-23,41.4187,148.46
2012-04-24,41.0714,102.44
2012-04-25,40.9513,303.14
2012-04-26,40.0825,499.32
2012-04-27,40.675,377.99
2012-04-30,41.3793,223.36
2012-05-01,40.1872,450.74
2012-05-02,40.7931,412.69
2012-05-03,40.3134,106.17
2012-05-04,40.8478,426.74
2012-05-07,40.8222,220.21
2012-05-08,40.8561,159.87
2012-05-09,40.759,190.53
2012-05-10,41.5164,287.43
2012-05-11,40.7611,269.95
2012-05-14,41.149,215.55
2012-05-15,41.8452,168.89
2012-05-16,42.3116,404.89
2012-05-17,43.804,496.04
2012-05-18,43.4739,411.12
2012-05-21,44.1156,218.37
2012-05-22,44.063,197.92
2012-05-23,44.8959,187.07
2012-05-24,44.9087,154.68
2012-05-25,44.6653,320.53
2012-05-28,45.5582,342.16
2012-05-29,45.2405,382.2
2012-05-30,44.3,372.09
2012-05-31,43.9742,216.93
2012-06-01,44.4001,232.12
2012-06-04,45.345,372.61
2012-06-05,45.4387,239.78
2012-06-06,46.3554,185.05
2012-06-07,45.4295,249.73
2012-06-08,45.1456,208.83
2012-06-11,44.9683,135.33
2012-06-12,44.909,432.06
2012-06-13,44.9836,441.24
2012-06-14,45.4678,187.9
2012-06-15,45.1826,125.91
2012-06-18,45.2949,395.53
2012-06-19,45.2824,184.61
2012-06-20,44.6716,257.37
2012-06-21,44.6133,125.65
2012-06-22,44.535,190.51
2012-06-25,44.4425,417.16
2012-06-26,44.4815,421.76
2012-06-27,44.5498,182.83
2012-06-28,44.2787,234.37
2012-06-29,45.1417,153.7
2012-07-02,44.3679,129.67
2012-07-03,43.9058,496.87
2012-07-04,45.7542,362.24
2012-07-05,45.0602,316.84
2012-07-06,44.1632,406.2
2012-07-09,44.6674,436.03
2012-07-10,43.2936,422.69
2012-07-11,43.1581,106.62
2012-07-12,44.5645,174.72
2012-07-13,43.5496,361.96
2012-07-16,42.2723,250.3
2012-07-17,41.3386,492.99
2012-07-18,41.9122,366.16
2012-07-19,42.6361,482.62
2012-07-20,42.3253,180.58
2012-07-23,42.776,445.58
2012-07-24,43.6852,228.54
2012-07-25,44.8738,495.83
2012-07-26,44.726,163.08
2012-07-27,43.1998,306.54
2012-07-30,42.6852,417.14
2012-07-31,42.429,273.06
2012-08-01,42.2812,287.23
2012-08-02,42.1789,494.54
2012-08-03,42.9037,270.12
2012-08-06,43.741,341.63
2012-08-07,43.6459,121.82
2012-08-08,44.3825,436.88
2012-08-09,44.6384,359.27
2012-08-10,44.6994,261.61
2012-08-13,45.3251,106.47
2012-08-14,45.3924,336.67
2012-08-15,46.8117,105.06
2012-08-16,45.8204,100.48
2012-08-17,45.4846,346.44
2012-08-20,45.4165,175.61
2012-08-21,45.7341,176.76
2012-08-22,46.6222,361.31
2012-08-23,46.6238,121.48
2012-08-24,45.6478,225.36
2012-08-27,46.2429,159.77
2012-08-28,46.7851,332.07
2012-08-29,45.4411,364.71
2012-08-30,45.4566,388.45
2012-08-31,44.3906,202.09
2012-09-03,43.9658,135.7
2012-09-04,43.388,131.47
2012-09-05,43.932,270.46
2012-09-06,44.0266,478.34
2012-09-07,43.1952,187.09
2012-09-10,43.7827,202.7
2012-09-11,42.8586,140.36
2012-09-12,43.0879,342.23
2012-09-13,42.579,371.95
2012-09-14,42.3625,357.17
2012-09-17,42.6999,444.45
2012-09-18,43.051,294.57
2012-09-19,43.9316,153.78
2012-09-20,43.8949,215.76
2012-09-21,44.1143,364.97
2012-09-24,43.8422,345.25
2012-09-25,43.9795,312.4
2012-09-26,44.287,373.19
2012-09-27,44.2394,354.96
2012-09-28,43.0601,452.53
2012-10-01,43.2915,334.41
2012-10-02,43.5455,411.44
2012-10-03,43.1186,199.48
2012-10-04,42.3052,371.27
2012-10-05,43.2587,460.88
2012-10-08,43.5949,254.29
2012-10-09,43.4625,411.64
2012-10-10,42.7386,389.92
2012-10-11,42.2288,123.81
2012-10-12,43.0708,332.6
2012-10-15,43.177,152.08
2012-10-16,42.8377,486.93
2012-10-17,43.1823,424.56
2012-10-18,42.6721,143.89
2012-10-19,43.6498,148.7
2012-10-22,44.553,337.79
2012-10-23,44.259,237.96
2012-10-24,43.8594,113.96
2012-10-25,42.1545,316.66
2012-10-26,41.2345,255.14
2012-10-29,40.4225,140.43
2012-10-30,40.5207,420.77
2012-10-31,40.3386,466.03
2012-11-01,39.5407,402.64
2012-11-02,39.3897,428.97
2012-11-05,39.7041,186.6
2012-11-06,40.0343,205.43
2012-11-07,38.9095,183.41
2012-11-08,38.8502,406.03
2012-11-09,38.0596,479.17
2012-11-12,38.5897,386.73
2012-11-13,39.059,452.59
2012-11-14,38.5485,355.48
2012-11-15,38.1209,255.06
2012-11-16,37.8724,270.3
2012-11-19,36.6078,130.13
2012-11-20,36.8069,112.58
2012-11-21,36.671,378.19
2012-11-22,37.2193,275.37
2012-11-23,36.621,320.89
2012-11-26,36.2956,323.06
2012-11-27,35.4899,210.95
2012-11-28,34.9694,290.36
2012-11-29,34.3634,288.3
2012-11-30,34.8905,255.37
2012-12-03,34.5391,428.27
2012-12-04,34.6172,280.47
2012-12-05,34.4333,341.46
2012-12-06,33.7914,458.21
2012-12-07,33.7196,446.49
2012-12-10,34.0362,456.17
2012-12-11,33.4332,208.0
2012-12-12,33.8523,113.99
2012-12-13,33.4344,204.43
2012-12-14,33.2055,211.48
2012-12-17,33.4831,463.74
2012-12-18,33.1633,359.7
2012-12-19,33.1953,132.68
2012-12-20,33.0518,154.15
2012-12-21,33.1292,162.27
2012-12-24,31.9594,352.17
2012-12-25,31.095,394.17
2012-12-26,31.3948,443.86
2012-12-27,31.8958,476.25
2012-12-28,31.4729,180.68
2012-12-31,31.3703,223.91
2013-01-01,31.5215,196.13
2013-01-02,31.8619,243.5
2013-01-03,30.9056,465.87
2013-01-04,30.5072,330.05
2013-01-07,30.3672,395.28
2013-01-08,30.6996,296.05
2013-01-09,31.8624,111.54
2013-01-10,31.7662,125.68
2013-01-11,31.1085,315.17
2013-01-14,31.3086,387.52
2013-01-15,31.9415,186.13
2013-01-16,32.0061,388.76
2013-01-17,31.5836,424.27
2013-01-18,32.0501,264.76
2013-01-21,32.3819,398.57
2013-01-22,31.8964,261.61
2013-01-23,32.0917,371.34
2013-01-24,32.5846,405.6
2013-01-25,33.1753,496.77
2013-01-28,33.1555,238.16
2013-01-29,32.9907,264.42
2013-01-30,33.6112,166.25
2013-01-31,33.0145,181.63
2013-02-01,33.2449,377.36
2013-02-04,32.575,466.82
2013-02-05,33.1086,257.84
2013-02-06,32.9937,171.94
2013-02-07,33.6347,214.04
2013-02-08,33.8961,282.02
2013-02-11,33.2877,216.26
2013-02-12,34.0124,193.43
2013-02-13,34.8174,394.39
2013-02-14,35.2921,103.14
2013-02-15,34.9031,315.69
2013-02-18,34.7568,417.51
2013-02-19,34.8466,206.49
2013-02-20,34.4927,341.32
2013-02-21,35.3821,367.56
2013-02-22,35.4728,362.01
2013-02-25,34.0486,278.34
2013-02-26,34.2355,238.63
2013-02-27,34.0704,434.37
2013-02-28,34.0458,403.38
2013-03-01,33.8711,228.5
2013-03-04,34.2947,141.21
2013-03-05,34.8844,128.72
2013-03-06,35.0465,137.71
2013-03-07,34.8821,333.15
2013-03-08,34.8744,120.66
2013-03-11,34.8986,234.77
2013-03-12,34.4926,401.28
2013-03-13,34.8059,217.74
2013-03-14,35.06,405.32
2013-03-15,35.8841,398.19
2013-03-18,36.5742,198.33
2013-03-19,36.2126,391.53
2013-03-20,36.6727,399.11
2013-03-21,36.1643,258.98
2013-03-22,36.5563,184.17
2013-03-25,36.2876,308.51
2013-03-26,35.7451,468.56
2013-03-27,35.9096,355.85
2013-03-28,34.4833,169.17
2013-03-29,33.5914,373.1
2013-04-01,33.5154,270.88
2013-04-02,33.5703,336.61
2013-04-03,33.3977,393.63
2013-04-04,32.6198,305.98
2013-04-05,32.2327,425.59
2013-04-08,32.4347,388.86
2013-04-09,32.7308,346.03
2013-04-10,32.7359,160.32
2013-04-11,33.317,434.38
2013-04-12,33.529,474.36
2013-04-15,33.1664,154.79
2013-04-16,33.0402,295.3
2013-04-17,32.3581,203.56
2013-04-18,32.3186,401.81
2013-04-19,32.8706,388.65
2013-04-22,33.2217,156.35
2013-04-23,33.9336,450.81
2013-04-24,33.793,172.39
2013-04-25,34.4889,418.9
2013-04-26,34.4027,282.79
2013-04-29,35.1758,231.31
2013-04-30,35.1783,163.3
2013-05-01,35.5656,167.05
2013-05-02,36.3668,364.76
2013-05-03,36.2758,320.17
2013-05-06,36.4092,148.83
2013-05-07,37.1276,145.08
2013-05-08,37.0684,128.92
2013-05-09,36.3488,397.51
2013-05-10,37.5317,384.75
2013-05-13,37.2823,123.37
2013-05-14,37.386,324.11
2013-05-15,38.0492,133.87
2013-05-16,37.7172,461.5
2013-05-17,37.162,462.85
2013-05-20,37.3183,379.29
2013-05-21,36.3295,470.48
2013-05-22,36.1872,424.58
2013-05-23,36.3347,431.42
2013-05-24,36.2021,327.88
2013-05-27,35.3784,222.42
2013-05-28,36.2386,187.12
2013-05-29,36.3093,230.88
2013-05-30,37.1033,351.4
2013-05-31,36.9734,169.06
2013-06-03,36.5002,203.46
2013-06-04,36.6621,287.22
2013-06-05,36.5581,193.22
2013-06-06,35.9269,335.46
2013-06-07,36.7334,469.27
2013-06-10,36.4052,399.24
2013-06-11,35.4148,366.57
2013-06-12,36.1345,333.09
2013-06-13,35.8756,295.18
2013-06-14,35.5629,174.63
2013-06-17,34.6354,457.88
2013-06-18,35.5537,199.41
2013-06-19,34.8803,136.52
2013-06-20,34.9248,400.01
2013-06-21,35.4169,170.25
2013-06-24,35.6551,248.76
2013-06-25,35.6374,111.31
2013-06-26,34.742,154.83
2013-06-27,34.334,169.28
2013-06-28,34.4444,121.76
2013-07-01,34.0515,362.66
2013-07-02,34.169,434.8
2013-07-03,34.5321,249.33
2013-07-04,35.0444,449.83
2013-07-05,34.4139,185.34
2013-07-08,35.5616,230.16
2013-07-09,35.9852,160.29
2013-07-10,35.9987,348.22
2013-07-11,36.6014,267.95
2013-07-12,37.9147,345.31
2013-07-15,37.1116,404.67
2013-07-16,37.0011,318.28
2013-07-17,35.6958,351.05
2013-07-18,35.8132,474.1
2013-07-19,36.0238,219.63
2013-07-22,36.0171,243.67
2013-07-23,35.6779,387.08
2013-07-24,34.5953,344.52
2013-07-25,34.803,171.41
2013-07-26,35.5767,250.46
2013-07-29,35.2756,287.14
2013-07-30,35.5225,267.76
2013-07-31,34.7012,171.31
2013-08-01,34.953,469.77
2013-08-02,34.7608,404.93
2013-08-05,34.3771,292.54
2013-08-06,33.9988,372.02
2013-08-07,33.8117,458.91
2013-08-08,34.0191,154.47
2013-08-09,33.3632,200.15
2013-08-12,33.1778,317.08
2013-08-13,33.1704,419.6
2013-08-14,32.6368,114.5
2013-08-15,33.5295,493.61
2013-08-16,33.1136,281.96
2013-08-19,32.7943,243.69
2013-08-20,32.3262,217.09
2013-08-21,33.2112,169.74
2013-08-22,33.4999,416.63
2013-08-23,33.0427,482.17
2013-08-26,33.6042,265.46
2013-08-27,33.7188,480.97
2013-08-28,33.8624,429.52
2013-08-29,33.701,292.42
2013-08-30,33.3356,369.61
2013-09-02,33.5179,273.99
2013-09-03,33.2572,323.49
2013-09-04,34.1768,123.22
2013-09-05,33.5398,378.51
2013-09-06,34.326,121.13
2013-09-09,34.2825,426.83
2013-09-10,34.45,429.98
2013-09-11,34.8943,194.83
2013-09-12,34.5784,229.47
2013-09-13,35.0405,292.52
2013-09-16,33.6314,338.67
2013-09-17,33.2816,214.94
2013-09-18,32.8336,336.99
2013-09-19,32.2294,219.11
2013-09-20,32.1384,122.2
2013-09-23,32.3372,101.01
2013-09-24,32.6909,140.46
2013-09-25,32.8221,416.9
2013-09-26,32.5075,484.57
2013-09-27,32.7005,270.79
2013-09-30,32.7745,305.07
2013-10-01,33.2478,158.74
2013-10-02,33.6486,320.41
2013-10-03,33.6774,157.86
2013-10-04,33.2376,344.49
2013-10-07,32.9254,473.3
2013-10-08,32.667,178.28
2013-10-09,32.5256,405.83
2013-10-10,32.6694,109.4
2013-10-11,33.0329,250.2
2013-10-14,33.0208,144.3
2013-10-15,33.042,240.99
2013-10-16,33.1262,169.41
2013-10-17,32.8831,249.32
2013-10-18,32.4399,267.01
2013-10-21,31.5986,220.24
2013-10-22,31.2818,362.65
2013-10-23,31.5163,467.54
2013-10-24,31.1966,260.24
2013-10-25,31.0978,176.94
2013-10-28,31.3278,208.29
2013-10-29,31.585,441.6
2013-10-30,31.0862,328.66
2013-10-31,31.5636,282.0
2013-11-01,32.11,159.85
2013-11-04,31.5786,279.89
2013-11-05,31.201,211.4
2013-11-06,31.7709,477.27
2013-11-07,31.7137,453.63
2013-11-08,30.6704,133.56
2013-11-11,30.0387,306.66
2013-11-12,29.9384,190.02
2013-11-13,29.4281,264.31
2013-11-14,29.2573,450.74
2013-11-15,29.2833,311.01
2013-11-18,29.9373,233.69
2013-11-19,29.8188,183.16
2013-11-20,30.3105,420.13
2013-11-21,30.9722,349.81
2013-11-22,31.6509,287.23
2013-11-25,31.7988,186.99
2013-11-26,30.875,233.7
2013-11-27,31.1008,483.94
2013-11-28,31.6023,308.04
2013-11-29,31.5766,260.28
2013-12-02,32.4155,308.57
2013-12-03,32.8466,411.6
2013-12-04,33.1397,236.04
2013-12-05,33.693,171.48
2013-12-06,33.8749,333.97
2013-12-09,32.6218,366.08
2013-12-10,32.3906,385.09
2013-12-11,32.9852,452.8
2013-12-12,32.5989,248.47
2013-12-13,32.5026,130.14
2013-12-16,32.0062,483.34
2013-12-17,32.8755,274.0
2013-12-18,33.7178,349.3
2013-12-19,33.2843,366.52
2013-12-20,33.3711,318.61
2013-12-23,33.0438,182.1
2013-12-24,33.3619,402.06
2013-12-25,33.6303,421.5
2013-12-26,34.0532,321.19
2013-12-27,34.2364,295.42
2013-12-30,35.7575,145.58
2013-12-31,35.2205,133.58
2014-01-01,34.3308,235.83
2014-01-02,34.1421,224.34
2014-01-03,33.3528,481.46
2014-01-06,32.6195,413.45
2014-01-07,32.1426,363.97
2014-01-08,31.7108,307.06
2014-01-09,31.2694,166.95
2014-01-10,31.525,491.38
2014-01-13,31.2982,250.02
2014-01-14,31.2265,142.77
2014-01-15,31.6578,297.52
2014-01-16,31.3066,449.6
2014-01-17,31.1949,454.92
2014-01-20,31.3785,104.39
2014-01-21,30.4772,454.52
2014-01-22,29.3991,208.59
2014-01-23,29.5635,115.59
2014-01-24,29.7935,439.12
2014-01-27,30.7279,445.55
2014-01-28,30.8131,338.49
2014-01-29,31.2043,329.77
2014-01-30,31.1253,425.25
2014-01-31,31.2765,414.52
2014-02-03,32.0712,456.04
2014-02-04,31.0623,321.1
2014-02-05,31.2674,487.06
2014-02-06,32.2815,498.46
2014-02-07,32.431,146.62
2014-02-10,33.2469,439.82
2014-02-11,32.9464,299.93
2014-02-12,32.9438,255.03
2014-02-13,32.9735,345.23
2014-02-14,31.8899,122.39
2014-02-17,31.3438,302.58
2014-02-18,30.8407,448.36
2014-02-19,31.2333,185.38
2014-02-20,31.6544,270.56
2014-02-21,31.8209,475.79
2014-02-24,32.227,271.43
2014-02-25,32.1605,243.35
2014-02-26,32.7532,276.21
2014-02-27,32.7706,307.78
2014-02-28,32.8122,352.8
2014-03-03,32.6946,420.28
2014-03-04,33.0434,280.84
2014-03-05,32.8478,426.99
2014-03-06,33.342,313.49
2014-03-07,32.7892,235.39
2014-03-10,32.2618,363.18
2014-03-11,32.6074,387.09
2014-03-12,32.5771,323.22
2014-03-13,32.3683,122.65
2014-03-14,32.8134,167.95
2014-03-17,32.5276,214.12
2014-03-18,32.443,213.05
2014-03-19,33.1369,369.37
2014-03-20,33.9152,107.34
2014-03-21,34.7287,402.27
2014-03-24,34.5956,206.14
2014-03-25,35.2481,224.01
2014-03-26,34.7604,311.16
2014-03-27,34.3015,186.37
2014-03-28,33.1058,453.79
2014-03-31,33.9498,134.15
2014-04-01,33.5234,277.75
2014-04-02,33.4732,439.77
2014-04-03,33.0295,346.34
2014-04-04,33.3871,216.93
2014-04-07,33.2124,268.3
2014-04-08,32.5756,382.68
2014-04-09,32.8045,489.3
2014-04-10,32.1121,457.26
2014-04-11,31.7216,236.97
2014-04-14,30.7318,499.28
2014-04-15,30.0876,101.4
2014-04-16,30.1802,111.05
2014-04-17,29.303,429.54
2014-04-18,28.6637,179.79
2014-04-21,28.6741,124.31
2014-04-22,28.4518,194.86
2014-04-23,29.3133,270.44
2014-04-24,30.1314,392.23
2014-04-25,29.7512,349.73
2014-04-28,30.0117,195.05
2014-04-29,30.361,301.31
2014-04-30,30.101,470.49
2014-05-01,29.4378,426.0
2014-05-02,29.4442,229.28
2014-05-05,29.3796,492.91
2014-05-06,29.1993,383.45
2014-05-07,29.4047,124.98
2014-05-08,29.0854,114.06
2014-05-09,28.5944,167.36
2014-05-12,28.6526,391.14
2014-05-13,28.83,173.5
2014-05-14,28.3327,304.59
2014-05-15,28.7384,137.3
2014-05-16,27.9867,468.35
2014-05-19,27.7552,237.58
2014-05-20,27.6589,463.25
2014-05-21,27.406,477.95
2014-05-22,27.1847,102.45
2014-05-23,27.9585,285.65
2014-05-26,27.6129,109.86
2014-05-27,28.635,463.48
2014-05-28,28.8343,307.36
2014-05-29,28.8856,129.98
2014-05-30,29.1035,144.11
2014-06-02,30.2196,253.4
2014-06-03,29.7813,476.09
2014-06-04,29.2927,377.16
2014-06-05,28.9727,447.05
2014-06-06,28.9983,246.58
2014-06-09,28.2592,117.29
2014-06-10,28.28,489.73
2014-06-11,29.0097,106.87
2014-06-12,29.0872,479.06
2014-06-13,28.9711,247.47
2014-06-16,28.7141,104.04
2014-06-17,29.1126,375.66
2014-06-18,28.7636,492.22
2014-06-19,29.5717,486.25
2014-06-20,30.4411,164.37
2014-06-23,30.5706,172.5
2014-06-24,30.5775,326.22
2014-06-25,31.0625,354.92
2014-06-26,31.585,395.77
2014-06-27,31.2158,172.42
2014-06-30,30.9817,483.6
2014-07-01,30.3796,355.5
2014-07-02,30.5781,438.82
2014-07-03,30.8961,316.03
2014-07-04,30.2829,265.71
2014-07-07,30.0882,490.87
2014-07-08,29.4922,332.85
2014-07-09,29.1064,446.75
2014-07-10,29.3586,481.32
2014-07-11,29.0473,370.14
2014-07-14,28.9279,319.58
2014-07-15,28.2333,101.4
2014-07-16,28.3238,116.01
2014-07-17,28.3163,180.34
2014-07-18,28.018,174.4
2014-07-21,27.9498,201.9
2014-07-22,28.0366,221.97
2014-07-23,27.7051,244.03
2014-07-24,27.1027,268.22
2014-07-25,27.8476,139.55
2014-07-28,27.5942,116.94
2014-07-29,27.5652,369.58
2014-07-30,27.9941,314.93
2014-07-31,29.4872,277.66
2014-08-01,28.9486,353.78
2014-08-04,29.1555,431.07
2014-08-05,28.8577,271.08
2014-08-06,28.636,356.45
2014-08-07,28.3381,481.43
2014-08-08,27.871,435.85
2014-08-11,27.8649,270.4
2014-08-12,27.2597,357.89
2014-08-13,27.6578,170.83
2014-08-14,27.6916,324.21
2014-08-15,27.8782,492.53
2014-08-18,27.6944,307.33
2014-08-19,27.5529,471.06
2014-08-20,27.6828,262.93
2014-08-21,27.2105,499.54
2014-08-22,27.0753,331.69
2014-08-25,26.737,116.91
2014-08-26,26.3905,334.7
2014-08-27,25.5659,209.83
2014-08-28,26.0897,112.99
2014-08-29,25.8315,428.34
2014-09-01,26.2926,210.29
2014-09-02,26.7246,418.62
2014-09-03,26.2198,215.29
2014-09-04,25.8022,177.73
2014-09-05,26.8035,489.57
2014-09-08,27.5182,244.66
2014-09-09,27.5162,340.55
2014-09-10,27.6335,343.99
2014-09-11,27.383,324.19
2014-09-12,27.5716,465.88
2014-09-15,27.286,369.78
2014-09-16,26.4651,261.49
2014-09-17,25.951,444.95
2014-09-18,25.9696,172.43
2014-09-19,25.5394,317.69
2014-09-22,25.5239,480.22
2014-09-23,25.1226,350.16
2014-09-24,24.8379,426.79
2014-09-25,25.1657,361.42
2014-09-26,25.2691,435.75
2014-09-29,25.2756,477.8
2014-09-30,25.6189,209.17
2014-10-01,25.8139,167.86
2014-10-02,26.3843,293.6
2014-10-03,26.2129,380.74
2014-10-06,26.0544,190.88
2014-10-07,25.5564,101.64
2014-10-08,25.4021,237.17
2014-10-09,25.7799,487.54
2014-10-10,26.2929,377.99
2014-10-13,26.6822,260.53
2014-10-14,25.9748,177.03
2014-10-15,26.4072,242.44
2014-10-16,25.6895,167.94
2014-10-17,26.0458,142.52
2014-10-20,25.9126,462.7
2014-10-21,26.196,499.06
2014-10-22,25.6829,165.65
2014-10-23,26.1444,121.81
2014-10-24,25.5803,231.89
2014-10-27,25.334,284.66
2014-10-28,24.9649,181.93
2014-10-29,24.3179,220.57
2014-10-30,24.3622,180.35
2014-10-31,25.0319,409.7
2014-11-03,26.0433,385.03
2014-11-04,26.0917,353.98
2014-11-05,26.5391,254.89
2014-11-06,26.6421,463.62
2014-11-07,26.8522,487.81
2014-11-10,26.7251,169.46
2014-11-11,26.814,189.21
2014-11-12,27.0409,310.25
2014-11-13,26.8171,136.5
2014-11-14,26.7966,274.58
2014-11-17,26.7839,332.72
2014-11-18,27.1266,308.83
2014-11-19,26.7037,232.36
2014-11-20,26.6937,316.98
2014-11-21,27.47,483.52
2014-11-24,27.9606,182.41
2014-11-25,28.5376,361.93
2014-11-26,28.5595,117.36
2014-11-27,28.7085,126.57
2014-11-28,29.1515,320.73
2014-12-01,29.8455,141.98
2014-12-02,28.9837,108.94
2014-12-03,28.4234,168.61
2014-12-04,28.993,325.94
2014-12-05,28.8842,381.34
2014-12-08,28.6047,180.99
2014-12-09,28.0781,367.3
2014-12-10,27.8555,172.99
2014-12-11,27.2807,345.38
2014-12-12,28.1473,264.78
2014-12-15,28.1491,361.52
2014-12-16,28.1359,498.02
2014-12-17,28.3954,475.13
2014-12-18,28.8166,101.71
2014-12-19,29.237,454.18
2014-12-22,29.7195,126.6
2014-12-23,29.4502,481.22
2014-12-24,29.3304,212.73
2014-12-25,29.6805,252.81
2014-12-26,29.4575,136.66
2014-12-29,29.4671,144.91
2014-12-30,29.6551,390.7
2014-12-31,30.0162,477.73
2015-01-01,29.2279,344.3
2015-01-02,29.5529,386.34
2015-01-05,29.4611,404.79
2015-01-06,29.7855,205.13
2015-01-07,30.1446,118.09
2015-01-08,30.8837,100.75
2015-01-09,31.523,240.26
2015-01-12,32.1724,196.59
2015-01-13,32.8819,124.93
2015-01-14,33.0388,171.81
2015-01-15,33.068,149.8
2015-01-16,33.5141,465.95
2015-01-19,33.8955,156.11
2015-01-20,33.752,315.06
2015-01-21,33.9704,337.24
2015-01-22,33.9661,317.4
2015-01-23,33.5446,139.62
2015-01-26,34.2074,227.52
2015-01-27,34.2494,120.51
2015-01-28,35.3156,258.27
2015-01-29,34.4686,175.44
2015-01-30,34.1945,324.65
2015-02-02,34.225,377.12
2015-02-03,34.8226,312.85
2015-02-04,35.0451,273.69
2015-02-05,35.2224,254.93
2015-02-06,34.6409,436.68
2015-02-09,34.0536,187.75
2015-02-10,34.2319,393.69
2015-02-11,33.5452,402.99
2015-02-12,33.291,267.68
2015-02-13,33.5544,218.92
2015-02-16,33.0734,288.22
2015-02-17,33.8831,137.29
2015-02-18,34.5187,118.37
2015-02-19,33.7189,144.64
2015-02-20,33.2608,174.86
2015-02-23,32.1337,301.67
2015-02-24,31.7693,439.65
2015-02-25,32.1472,194.26
2015-02-26,31.9605,474.06
2015-02-27,32.1942,481.96
2015-03-02,31.4719,483.56
2015-03-03,31.8612,435.03
2015-03-04,31.6087,245.53
2015-03-05,31.6271,129.07
2015-03-06,31.5957,327.53
2015-03-09,31.0057,323.47
2015-03-10,30.4818,439.99
2015-03-11,30.9365,498.4
2015-03-12,31.134,303.26
2015-03-13,31.6369,238.08
2015-03-16,31.8036,174.36
2015-03-17,31.8845,101.92
2015-03-18,31.0718,303.65
2015-03-19,30.9582,322.21
2015-03-20,30.9579,429.98
2015-03-23,31.8772,301.83
2015-03-24,32.2184,466.59
2015-03-25,32.9737,351.23
2015-03-26,33.2824,436.13
2015-03-27,32.9406,159.32
2015-03-30,33.0116,442.13
2015-03-31,33.1418,370.06
2015-04-01,32.6882,168.09
2015-04-02,32.5128,175.91
2015-04-03,32.4255,470.6
2015-04-06,33.2194,112.89
2015-04-07,32.1958,285.01
2015-04-08,32.7911,225.39
2015-04-09,32.3434,366.03
2015-04-10,31.6907,435.85
2015-04-13,32.2642,244.15
2015-04-14,32.6314,270.76
2015-04-15,33.2585,492.77
2015-04-16,33.6712,413.57
2015-04-17,34.725,458.88
2015-04-20,35.03,275.5
2015-04-21,34.9618,193.63
2015-04-22,35.1556,264.75
2015-04-23,35.8254,386.44
2015-04-24,35.4209,143.77
2015-04-27,35.0887,208.19
2015-04-28,34.9401,118.65
2015-04-29,33.8511,272.94
2015-04-30,33.9347,430.98
2015-05-01,32.9882,109.87
2015-05-04,33.0277,370.13
2015-05-05,33.4696,473.0
2015-05-06,33.2435,194.77
2015-05-07,34.0931,377.45
2015-05-08,33.3599,490.04
2015-05-11,33.9693,484.91
2015-05-12,34.3269,193.97
2015-05-13,33.4571,140.13
2015-05-14,34.8309,159.31
2015-05-15,34.8115,380.81
2015-05-18,34.3672,390.3
2015-05-19,33.6556,369.69
2015-05-20,33.558,234.43
2015-05-21,33.5073,167.91
2015-05-22,33.5723,332.3
2015-05-25,33.4357,293.47
2015-05-26,33.7667,391.53
2015-05-27,33.5839,276.54
2015-05-28,32.6225,235.46
2015-05-29,32.5625,217.39
2015-06-01,31.4192,184.59
2015-06-02,31.5985,206.3
2015-06-03,31.1469,137.93
2015-06-04,31.2357,238.74
2015-06-05,31.8639,114.63
2015-06-08,31.4232,174.57
2015-06-09,31.936,398.71
2015-06-10,31.7411,230.19
2015-06-11,32.5886,367.29
2015-06-12,32.4231,386.75
2015-06-15,32.0273,332.47
2015-06-16,32.3703,483.48
2015-06-17,32.1716,108.58
2015-06-18,31.7784,395.46
2015-06-19,31.5634,483.51
2015-06-22,31.5549,444.91
2015-06-23,32.2028,167.16
2015-06-24,31.2814,230.73
2015-06-25,31.3047,168.98
2015-06-26,31.6107,340.52
2015-06-29,31.7151,384.88
2015-06-30,32.3509,226.83
2015-07-01,32.3278,315.8
2015-07-02,32.2512,376.37
2015-07-03,32.5507,268.54
2015-07-06,32.6122,441.61
2015-07-07,32.4342,408.62
2015-07-08,32.6983,125.87
2015-07-09,32.3913,348.45
2015-07-10,32.1073,194.13
2015-07-13,31.8659,323.01
2015-07-14,32.5254,482.76
2015-07-15,30.9669,451.62
2015-07-16,31.1631,261.81
2015-07-17,31.1916,216.61
2015-07-20,30.4176,193.76
2015-07-21,30.5711,313.01
2015-07-22,30.8015,145.7
2015-07-23,31.0862,319.71
2015-07-24,29.8621,100.53
2015-07-27,30.4861,229.54
2015-07-28,30.161,187.97
2015-07-29,30.4836,488.49
2015-07-30,30.8347,390.9
2015-07-31,30.4415,239.86
2015-08-03,30.7553,137.14
2015-08-04,30.5898,306.72
2015-08-05,29.6516,185.38
2015-08-06,30.1828,314.57
2015-08-07,29.844,434.14
2015-08-10,29.4734,346.32
2015-08-11,29.307,353.52
2015-08-12,29.4384,316.41
2015-08-13,29.4249,470.91
2015-08-14,29.6785,472.76
2015-08-17,29.0941,305.09
2015-08-18,28.7817,222.3
2015-08-19,28.7432,283.83
2015-08-20,29.573,174.62
2015-08-21,29.5343,354.54
2015-08-24,30.0269,300.04
2015-08-25,30.0563,141.32
2015-08-26,29.8502,179.06
2015-08-27,29.7517,291.85
2015-08-28,29.6884,455.04
2015-08-31,29.9691,326.56
2015-09-01,30.599,372.61
2015-09-02,30.7764,235.61
2015-09-03,31.3367,328.56
2015-09-04,30.8957,278.95
2015-09-07,30.7159,363.65
2015-09-08,30.3945,120.23
2015-09-09,30.55,297.32
2015-09-10,30.3978,218.4
2015-09-11,30.7427,230.47
2015-09-14,30.3256,484.37
2015-09-15,30.3573,173.08
2015-09-16,30.6823,224.5
2015-09-17,29.744,303.96
2015-09-18,30.7025,445.21
2015-09-21,30.5844,266.67
2015-09-22,29.6676,397.55
2015-09-23,29.7498,442.55
2015-09-24,29.7766,224.01
2015-09-25,29.752,257.1
2015-09-28,30.2062,242.62
2015-09-29,30.557,433.14
2015-09-30,30.7057,117.74
2015-10-01,30.9253,223.37
2015-10-02,30.8893,371.76
2015-10-05,31.7243,326.18
2015-10-06,31.0331,274.52
2015-10-07,31.1105,315.98
2015-10-08,31.1533,179.03
2015-10-09,31.5458,272.29
2015-10-12,31.1591,300.68
2015-10-13,30.3566,460.48
2015-10-14,30.4402,204.33
2015-10-15,30.5808,447.13
2015-10-16,31.2763,357.7
2015-10-19,30.6928,108.14
2015-10-20,31.2367,389.85
2015-10-21,32.3585,114.22
2015-10-22,32.188,498.95
2015-10-23,31.5776,449.05
2015-10-26,31.3975,218.94
2015-10-27,31.4166,202.96
2015-10-28,31.6949,252.58
2015-10-29,31.4264,242.47
2015-10-30,32.1721,248.94
2015-11-02,31.6471,227.31
2015-11-03,30.8341,348.45
2015-11-04,31.3583,165.71
2015-11-05,30.301,438.39
2015-11-06,30.2203,424.96
2015-11-09,31.6457,290.59
2015-11-10,31.6526,441.09
2015-11-11,31.1331,198.86
2015-11-12,31.1188,107.03
2015-11-13,31.1075,347.68
2015-11-16,31.1949,283.16
2015-11-17,31.5173,326.87
2015-11-18,31.0386,459.74
2015-11-19,31.8367,487.97
2015-11-20,31.9665,353.78
2015-11-23,32.3278,405.62
2015-11-24,32.0361,133.52
2015-11-25,32.6671,164.29
2015-11-26,32.5542,393.28
2015-11-27,32.7028,272.55
2015-11-30,32.2581,278.39
2015-12-01,31.7887,223.44
2015-12-02,32.1295,342.94
2015-12-03,31.9286,174.07
2015-12-04,31.5324,350.77
2015-12-07,31.2408,169.52
2015-12-08,31.5809,125.53
2015-12-09,31.2955,232.14
2015-12-10,31.2528,192.46
2015-12-11,31.2724,455.6
2015-12-14,30.3855,121.98
2015-12-15,29.7271,170.65
2015-12-16,29.8889,319.49
2015-12-17,29.5705,292.43
2015-12-18,30.051,118.34
2015-12-21,30.4988,102.9
2015-12-22,30.84,495.23
2015-12-23,31.6942,363.53
2015-12-24,31.6674,246.16
2015-12-25,31.9883,288.17
2015-12-28,31.7207,206.62
2015-12-29,32.9002,237.95
2015-12-30,33.8923,359.62
2015-12-31,33.9119,453.12
2016-01-01,34.1221,173.65
2016-01-04,34.8315,436.14
2016-01-05,34.7685,148.62
2016-01-06,34.44,186.0
2016-01-07,34.9053,114.87
2016-01-08,34.9603,156.32
2016-01-11,35.0703,466.92
2016-01-12,34.6454,283.78
2016-01-13,33.7666,131.07
2016-01-14,33.8997,483.89
2016-01-15,34.3735,451.6
2016-01-18,34.2708,401.87
2016-01-19,35.0229,473.39
2016-01-20,34.6671,188.05
2016-01-21,34.1325,434.55
2016-01-22,34.1118,376.0
2016-01-25,34.0832,447.9
2016-01-26,34.4904,418.76
2016-01-27,34.1033,238.6
2016-01-28,34.8168,409.76
2016-01-29,35.8579,204.98
2016-02-01,35.8512,231.44
2016-02-02,36.5376,143.16
2016-02-03,35.9732,474.03
2016-02-04,36.5678,216.4
2016-02-05,37.1569,308.25
2016-02-08,37.653,256.53
2016-02-09,37.6592,483.97
2016-02-10,36.0055,234.02
2016-02-11,35.6733,411.42
2016-02-12,35.3526,442.17
2016-02-15,34.848,274.24
2016-02-16,34.9259,251.27
2016-02-17,34.7203,399.1
2016-02-18,34.3048,465.16
2016-02-19,33.7737,401.97
2016-02-22,33.4247,190.85
2016-02-23,34.0003,455.32
2016-02-24,33.6768,255.03
2016-02-25,33.4302,330.49
2016-02-26,33.2145,432.57
2016-02-29,33.3967,175.36
2016-03-01,33.6386,413.8
2016-03-02,32.1158,338.47
2016-03-03,32.6208,457.34
2016-03-04,33.3367,168.79
2016-03-07,32.8249,268.27
2016-03-08,32.3593,433.14
2016-03-09,32.1537,107.69
2016-03-10,31.8019,144.88
2016-03-11,31.9214,496.23
2016-03-14,31.0022,212.16
2016-03-15,30.4947,490.22
2016-03-16,31.211,173.01
2016-03-17,30.7889,244.44
2016-03-18,31.3755,401.15
2016-03-21,31.5552,363.11
2016-03-22,30.7115,332.45
2016-03-23,31.0165,311.96
2016-03-24,30.9741,437.38
2016-03-25,30.7749,193.98
2016-03-28,30.9003,276.99
2016-03-29,31.1326,162.18
2016-03-30,31.4755,338.38
2016-03-31,32.0444,200.22
2016-04-01,32.2534,233.54
2016-04-04,31.6008,288.5
2016-04-05,31.3889,110.71
2016-04-06,32.7871,136.78
2016-04-07,33.1566,374.37
2016-04-08,34.3482,271.59
2016-04-11,35.0809,445.92
2016-04-12,35.2222,377.87
2016-04-13,35.3955,103.24
2016-04-14,35.3902,346.68
2016-04-15,34.4819,137.49
2016-04-18,34.505,412.37
2016-04-19,35.1454,496.6
2016-04-20,34.8433,312.48
2016-04-21,35.0726,373.11
2016-04-22,35.5346,194.93
2016-04-25,35.064,275.04
2016-04-26,34.8406,442.44
2016-04-27,34.3226,166.97
2016-04-28,33.913,206.21
2016-04-29,33.2716,278.17
2016-05-02,32.8355,384.9
2016-05-03,33.5478,250.35
2016-05-04,33.1005,471.09
2016-05-05,33.1765,137.78
2016-05-06,32.9396,248.32
2016-05-09,33.5352,383.58
2016-05-10,34.2082,190.39
2016-05-11,34.6652,362.57
2016-05-12,34.8383,165.69
2016-05-13,34.7315,122.39
2016-05-16,34.1244,148.41
2016-05-17,35.1329,471.99
2016-05-18,34.7466,320.7
2016-05-19,35.1064,418.54
2016-05-20,35.6784,233.06
2016-05-23,35.3955,337.06
2016-05-24,35.9608,297.98
2016-05-25,36.3874,478.3
2016-05-26,37.3451,399.03
2016-05-27,37.0971,392.22
2016-05-30,36.3964,118.54
2016-05-31,36.135,319.87
2016-06-01,36.2627,286.8
2016-06-02,36.3088,471.14
2016-06-03,36.1091,202.94
2016-06-06,35.0894,207.93
2016-06-07,35.3511,264.54
2016-06-08,36.4111,197.35
2016-06-09,36.6792,151.67
2016-06-10,37.0291,442.97
2016-06-13,37.3618,323.31
2016-06-14,37.5993,444.55
2016-06-15,38.1398,432.45
2016-06-16,38.3812,212.82
2016-06-17,38.2166,319.09
2016-06-20,37.7755,133.29
2016-06-21,37.6496,466.1
2016-06-22,37.842,261.71
2016-06-23,37.6778,257.47
2016-06-24,37.8705,221.1
2016-06-27,38.1351,284.27
2016-06-28,38.627,200.7
2016-06-29,39.3857,249.94
2016-06-30,39.4475,419.98
2016-07-01,38.6894,433.7
2016-07-04,38.5046,221.67
2016-07-05,38.5455,287.61
2016-07-06,37.4995,449.53
2016-07-07,38.2956,121.07
2016-07-08,38.3927,455.66
2016-07-11,38.6277,187.67
2016-07-12,39.4344,371.42
2016-07-13,39.0774,333.02
2016-07-14,39.4295,321.18
2016-07-15,39.3803,443.74
2016-07-18,39.2873,140.63
2016-07-19,38.848,238.81
2016-07-20,39.8341,315.3
2016-07-21,39.6257,424.52
2016-07-22,40.0573,186.58
2016-07-25,38.9467,421.17
2016-07-26,39.6516,259.86
2016-07-27,40.2933,175.57
2016-07-28,40.3683,403.59
2016-07-29,40.247,136.36
2016-08-01,40.5046,305.91
2016-08-02,41.9114,125.55
2016-08-03,40.8197,242.57
2016-08-04,41.3148,340.43
2016-08-05,40.7664,322.45
2016-08-08,40.7705,261.86
2016-08-09,40.6352,271.62
2016-08-10,40.3904,190.71
2016-08-11,40.4002,282.35
2016-08-12,39.7291,481.3
2016-08-15,40.3583,440.18
2016-08-16,39.2883,158.09
2016-08-17,39.6221,111.91
2016-08-18,39.4439,473.41
2016-08-19,38.7669,310.7
2016-08-22,38.9001,315.14
2016-08-23,38.0072,412.29
2016-08-24,38.045,225.88
2016-08-25,37.2482,292.76
2016-08-26,37.5209,487.47
2016-08-29,37.0156,368.86
2016-08-30,36.78,161.5
2016-08-31,36.9569,153.29
2016-09-01,36.5434,181.71
2016-09-02,36.5263,406.68
2016-09-05,35.7115,218.15
2016-09-06,36.0637,108.56
2016-09-07,37.0329,477.67
2016-09-08,38.5987,167.89
2016-09-09,38.6669,103.82
2016-09-12,39.1396,194.85
2016-09-13,38.1098,194.01
2016-09-14,38.9841,268.8
2016-09-15,39.4536,468.16
2016-09-16,39.183,451.67
2016-09-19,39.9258,282.76
2016-09-20,39.7894,264.36
2016-09-21,39.5319,322.0
2016-09-22,39.8296,197.38
2016-09-23,39.2102,120.87
2016-09-26,39.8268,475.69
2016-09-27,39.2119,174.68
2016-09-28,38.6099,179.36
2016-09-29,38.0985,288.98
2016-09-30,38.5478,296.65
2016-10-03,38.2066,107.37
2016-10-04,37.4494,159.18
2016-10-05,37.1241,251.26
2016-10-06,37.1211,373.49
2016-10-07,36.4784,191.37
2016-10-10,35.8628,269.21
2016-10-11,37.0129,322.94
2016-10-12,36.5499,455.44
2016-10-13,36.3874,230.43
2016-10-14,36.2015,153.42
2016-10-17,35.9872,295.71
2016-10-18,36.337,398.69
2016-10-19,36.8683,143.94
2016-10-20,36.7139,269.87
2016-10-21,36.0476,107.11
2016-10-24,36.7512,113.42
2016-10-25,36.7133,293.18
2016-10-26,37.6809,219.28
2016-10-27,36.4267,438.04
2016-10-28,36.5481,340.86
2016-10-31,37.6145,281.57
2016-11-01,37.4302,263.17
2016-11-02,37.3186,298.9
2016-11-03,37.4989,116.18
2016-11-04,37.1996,457.12
2016-11-07,37.0404,499.32
2016-11-08,36.8675,172.59
2016-11-09,36.5353,148.15
2016-11-10,37.2233,157.43
2016-11-11,37.4957,364.41
2016-11-14,37.6516,364.58
2016-11-15,38.1234,439.17
2016-11-16,37.9874,400.73
2016-11-17,37.5615,279.88
2016-11-18,37.237,345.14
2016-11-21,37.2529,375.31
2016-11-22,36.6759,305.09
2016-11-23,36.4153,290.26
2016-11-24,36.148,358.04
2016-11-25,37.3144,322.99
2016-11-28,35.7768,357.58
2016-11-29,35.6947,345.14
2016-11-30,36.633,387.68
2016-12-01,36.7146,357.12
2016-12-02,37.1442,307.9
2016-12-05,37.2147,372.72
2016-12-06,36.857,279.79
2016-12-07,35.6323,196.67
2016-12-08,35.7564,100.57
2016-12-09,35.3547,323.99
2016-12-12,34.9444,336.26
2016-12-13,34.6968,488.82
2016-12-14,35.6188,244.59
2016-12-15,36.9179,257.65
2016-12-16,37.053,180.72
2016-12-19,36.8095,128.21
2016-12-20,36.1742,409.12
2016-12-21,36.4429,199.87
2016-12-22,37.4321,343.56
2016-12-23,37.3082,375.11
2016-12-26,35.9918,288.49
2016-12-27,36.3679,450.54
2016-12-28,36.92,277.52
2016-12-29,36.0565,213.96
2016-12-30,36.1664,458.41
2017-01-02,36.4257,444.63
2017-01-03,36.4003,165.62
2017-01-04,35.9831,110.38
2017-01-05,36.5458,135.99
2017-01-06,36.3393,214.62
2017-01-09,35.5443,488.9
2017-01-10,34.4658,323.41
2017-01-11,35.1314,249.3
2017-01-12,35.4705,455.49
2017-01-13,35.5315,281.25
2017-01-16,35.311,226.1
2017-01-17,35.0449,476.49
2017-01-18,34.4935,439.81
2017-01-19,34.284,437.47
2017-01-20,33.2075,304.91
2017-01-23,32.8541,415.78
2017-01-24,32.714,171.74
2017-01-25,33.0264,329.29
2017-01-26,33.0198,493.54
2017-01-27,33.4267,216.38
2017-01-30,34.1166,417.74
2017-01-31,34.6717,296.19
2017-02-01,34.9303,115.92
2017-02-02,34.9505,405.21
2017-02-03,34.4503,167.43
2017-02-06,34.8464,352.59
2017-02-07,35.7384,134.27
2017-02-08,35.9361,478.75
2017-02-09,36.9839,216.69
2017-02-10,36.1524,190.59
2017-02-13,35.541,151.65
2017-02-14,36.0111,478.4
2017-02-15,36.1683,384.76
2017-02-16,36.8955,396.66
2017-02-17,36.9017,299.76
2017-02-20,36.436,289.89
2017-02-21,36.3338,144.01
2017-02-22,35.5131,323.94
2017-02-23,34.9261,198.77
2017-02-24,35.4495,490.86
2017-02-27,35.9278,418.63
2017-02-28,36.1378,265.2
2017-03-01,35.2193,160.54
2017-03-02,35.044,414.13
2017-03-03,34.4141,148.82
2017-03-06,35.0352,175.73
2017-03-07,34.7425,184.61
2017-03-08,34.1905,322.76
2017-03-09,34.2195,414.82
2017-03-10,33.9046,225.73
2017-03-13,34.6728,133.87
2017-03-14,34.3045,285.82
2017-03-15,33.5982,399.24
2017-03-16,32.5266,188.67
2017-03-17,32.5246,187.97
2017-03-20,32.2635,478.89
2017-03-21,31.5848,481.66
2017-03-22,32.1609,496.19
2017-03-23,32.4957,423.06
2017-03-24,32.4949,175.27
2017-03-27,33.1729,184.79
2017-03-28,33.5158,236.09
2017-03-29,33.1156,227.25
2017-03-30,32.6126,482.61
2017-03-31,33.0258,415.63
2017-04-03,33.2354,389.6
2017-04-04,33.3333,174.39
2017-04-05,32.9234,463.81
2017-04-06,33.2368,431.15
2017-04-07,32.8734,165.46
2017-04-10,32.8363,448.47
2017-04-11,33.5621,208.9
2017-04-12,33.2428,132.35
2017-04-13,32.4718,362.73
2017-04-14,31.9721,361.52
2017-04-17,32.4617,137.97
2017-04-18,32.5987,227.54
2017-04-19,32.5488,497.13
2017-04-20,32.3132,371.37
2017-04-21,32.5614,392.03
2017-04-24,32.1597,185.17
2017-04-25,32.32,131.51
2017-04-26,31.9784,210.76
2017-04-27,31.5606,199.56
2017-04-28,31.2715,193.82
2017-05-01,31.1079,177.1
2017-05-02,31.0975,329.9
2017-05-03,31.2198,231.24
2017-05-04,29.505,428.14
2017-05-05,29.1594,173.58
2017-05-08,28.9998,285.85
2017-05-09,29.6661,105.46
2017-05-10,29.1974,292.67
2017-05-11,29.2803,122.34
2017-05-12,29.9487,491.09
2017-05-15,29.3708,416.24
2017-05-16,29.5562,296.04
2017-05-17,29.2123,134.63
2017-05-18,29.0029,336.98
2017-05-19,28.6651,403.51
2017-05-22,28.3619,176.29
2017-05-23,29.5312,327.28
2017-05-24,29.9171,425.68
2017-05-25,30.4234,407.3
2017-05-26,30.6601,421.2
2017-05-29,29.9337,451.73
2017-05-30,30.123,475.07
2017-05-31,30.6198,262.21
2017-06-01,30.2401,327.51
2017-06-02,30.6901,416.26
2017-06-05,31.0266,378.86
2017-06-06,31.901,498.21
2017-06-07,31.7138,105.47
2017-06-08,31.2043,242.05
2017-06-09,31.0476,212.41
2017-06-12,31.7285,204.93
2017-06-13,30.871,189.01
2017-06-14,29.9256,383.65
2017-06-15,29.9777,133.9
2017-06-16,29.7907,396.64
2017-06-19,29.806,377.37
2017-06-20,30.2406,200.32
2017-06-21,30.002,201.13
2017-06-22,29.1711,351.54
2017-06-23,30.0774,404.87
2017-06-26,29.6395,450.59
2017-06-27,29.1805,440.86
2017-06-28,29.6753,485.95
2017-06-29,29.516,332.55
2017-06-30,29.4998,463.46
2017-07-03,29.7252,423.41
2017-07-04,30.2203,457.87
2017-07-05,30.0812,104.65
2017-07-06,30.779,486.36
2017-07-07,29.8053,289.41
2017-07-10,30.1569,419.27
2017-07-11,29.7892,150.88
2017-07-12,30.4143,258.38
2017-07-13,30.4913,208.58
2017-07-14,30.1957,216.66
2017-07-17,30.508,149.3
2017-07-18,30.9289,422.31
2017-07-19,31.2391,103.7
2017-07-20,30.7691,225.0
2017-07-21,30.558,169.76
2017-07-24,30.5684,335.62
2017-07-25,30.5617,201.7
2017-07-26,30.9176,203.6
2017-07-27,29.9955,295.34
2017-07-28,30.158,361.08
2017-07-31,30.0388,148.52
2017-08-01,29.673,170.2
2017-08-02,29.3544,198.87
2017-08-03,29.2717,489.5
2017-08-04,27.7023,258.86
2017-08-07,27.4219,339.6
2017-08-08,27.0727,196.62
2017-08-09,27.2999,296.18
2017-08-10,26.9809,129.65
2017-08-11,26.9046,113.9
2017-08-14,27.5378,287.49
2017-08-15,27.9596,259.46
2017-08-16,28.3492,154.75
2017-08-17,28.1479,375.04
2017-08-18,28.3885,497.16
2017-08-21,28.3002,258.26
2017-08-22,28.2283,349.82
2017-08-23,28.4131,485.19
2017-08-24,28.17,432.61
2017-08-25,28.8121,285.42
2017-08-28,28.7545,395.0
2017-08-29,29.0327,151.25
2017-08-30,29.6782,304.84
2017-08-31,30.1493,211.62
2017-09-01,29.5242,164.47
2017-09-04,29.733,270.51
2017-09-05,30.1244,152.41
2017-09-06,30.5394,379.59
2017-09-07,30.0416,282.5
2017-09-08,29.7576,312.46
2017-09-11,30.2134,158.55
2017-09-12,29.8803,155.91
2017-09-13,29.7579,333.37
2017-09-14,30.4732,494.0
2017-09-15,30.4636,138.5
2017-09-18,30.1436,214.29
2017-09-19,29.7589,447.78
2017-09-20,29.9193,128.91
2017-09-21,29.333,450.35
2017-09-22,29.2359,309.71
2017-09-25,29.3937,263.31
2017-09-26,29.9783,223.87
2017-09-27,30.2904,218.85
2017-09-28,29.9781,222.32
2017-09-29,30.52,453.92
2017-10-02,30.3951,389.52
2017-10-03,29.8439,367.89
2017-10-04,29.7788,419.5
2017-10-05,30.4331,202.85
2017-10-06,30.5207,347.22
2017-10-09,30.5386,284.03
2017-10-10,31.3008,412.98
2017-10-11,30.6413,223.7
2017-10-12,30.0627,357.27
2017-10-13,29.3461,452.88
2017-10-16,29.5218,260.86
2017-10-17,29.6074,126.65
2017-10-18,30.3044,306.42
2017-10-19,30.4272,238.39
2017-10-20,30.2549,368.89
2017-10-23,30.2678,480.41
2017-10-24,30.3333,294.24
2017-10-25,29.5848,286.48
2017-10-26,30.7994,361.83
2017-10-27,31.0519,141.4
2017-10-30,31.1621,201.4
2017-10-31,31.4622,467.59
2017-11-01,31.8095,367.98
2017-11-02,31.7552,105.38
2017-11-03,31.4672,181.85
2017-11-06,31.7628,373.13
2017-11-07,31.9592,405.76
2017-11-08,31.5838,435.94
2017-11-09,32.2687,216.87
2017-11-10,32.4236,472.41
2017-11-13,32.7915,321.18
2017-11-14,33.4893,378.62
2017-11-15,33.5136,338.7
2017-11-16,33.6864,149.1
2017-11-17,34.1092,485.25
2017-11-20,33.7519,149.15
2017-11-21,33.7928,201.95
2017-11-22,33.87,425.45
2017-11-23,33.3978,347.44
2017-11-24,34.5722,435.26
2017-11-27,33.8562,306.29
2017-11-28,33.2105,250.8
2017-11-29,33.8785,468.74
2017-11-30,34.2545,114.5
2017-12-01,33.7411,442.45
2017-12-04,34.0619,192.33
2017-12-05,34.8255,439.49
2017-12-06,34.8236,155.68
2017-12-07,36.1951,332.09
2017-12-08,35.2735,455.24
2017-12-11,35.6547,289.42
2017-12-12,36.2929,398.63
2017-12-13,36.7926,421.87
2017-12-14,36.6946,394.6
2017-12-15,36.5494,470.13
2017-12-18,36.8075,278.73
2017-12-19,37.2726,169.25
2017-12-20,37.6244,119.12
2017-12-21,38.2264,198.58
2017-12-22,37.6575,157.28
2017-12-25,37.5439,323.18
2017-12-26,37.0295,173.98
2017-12-27,36.8299,115.57
2017-12-28,37.4054,114.4
2017-12-29,37.481,432.63
2018-01-01,38.9616,336.58
2018-01-02,39.0902,243.23
2018-01-03,39.1409,457.69
2018-01-04,39.2189,128.08
2018-01-05,38.8593,492.13
2018-01-08,38.8412,346.52
2018-01-09,39.5138,173.39
2018-01-10,39.5971,371.63
2018-01-11,39.1417,405.35
2018-01-12,38.6142,271.74
2018-01-15,38.3689,444.65
2018-01-16,38.4267,160.29
2018-01-17,39.1301,211.54
2018-01-18,38.3589,137.4
2018-01-19,38.1903,184.35
2018-01-22,38.2882,195.49
2018-01-23,37.2504,467.05
2018-01-24,36.7995,131.24
2018-01-25,36.4389,270.97
2018-01-26,36.0184,312.96
2018-01-29,36.1365,459.48
2018-01-30,36.0639,499.08
2018-01-31,35.778,401.36
2018-02-01,36.022,488.32
2018-02-02,36.9674,414.84
2018-02-05,37.8912,485.28
2018-02-06,36.8135,382.91
2018-02-07,37.1469,131.91
2018-02-08,37.0625,260.77
2018-02-09,37.1636,358.64
2018-02-12,36.9565,240.29
2018-02-13,37.0364,209.35
2018-02-14,37.1354,330.96
2018-02-15,36.8277,473.4
2018-02-16,36.3473,113.99
2018-02-19,36.1172,407.69
2018-02-20,36.2586,389.09
2018-02-21,36.5988,485.58
2018-02-22,37.082,472.28
2018-02-23,36.8219,404.89
2018-02-26,36.9934,308.16
2018-02-27,37.5423,181.71
2018-02-28,38.2137,318.09
2018-03-01,38.1953,406.14
2018-03-02,38.084,458.27
2018-03-05,38.2084,415.88
2018-03-06,37.5647,178.11
2018-03-07,37.4707,339.87
2018-03-08,37.9042,232.87
2018-03-09,38.2843,103.68
2018-03-12,38.1444,180.09
2018-03-13,38.2842,145.29
2018-03-14,37.826,437.09
2018-03-15,38.2403,203.4
2018-03-16,38.2109,213.88
2018-03-19,38.0681,483.97
2018-03-20,37.8767,251.63
2018-03-21,37.8561,103.83
2018-03-22,37.617,213.54
2018-03-23,38.0034,147.72
2018-03-26,37.7932,141.12
2018-03-27,38.7114,130.99
2018-03-28,39.5777,337.3
2018-03-29,39.0642,175.74
2018-03-30,39.1207,244.5
2018-04-02,38.7546,444.81
2018-04-03,38.5802,269.74
2018-04-04,39.7544,466.28
2018-04-05,39.5869,299.18
2018-04-06,39.8166,259.53
2018-04-09,40.1559,400.16
2018-04-10,39.5692,129.27
2018-04-11,39.0775,135.79
2018-04-12,38.3862,360.79
2018-04-13,37.8914,294.78
2018-04-16,36.2867,416.17
2018-04-17,36.5977,466.51
2018-04-18,37.74,255.35
2018-04-19,37.8387,338.56
2018-04-20,37.05,300.28
2018-04-23,36.7076,492.64
2018-04-24,36.4697,432.43
2018-04-25,35.9276,464.7
2018-04-26,36.4055,201.74
2018-04-27,36.8625,409.01
2018-04-30,36.2384,206.19
2018-05-01,36.647,183.5
2018-05-02,37.501,477.71
2018-05-03,38.5862,107.72
2018-05-04,40.26,486.16
2018-05-07,39.7314,159.7
2018-05-08,41.4304,427.78
2018-05-09,41.2269,210.37
2018-05-10,40.877,240.28
2018-05-11,41.0939,186.7
2018-05-14,40.7515,334.21
2018-05-15,41.0118,239.24
2018-05-16,40.2161,362.96
2018-05-17,40.0881,106.26
2018-05-18,40.8772,125.75
2018-05-21,40.8586,139.86
2018-05-22,40.9617,267.6
2018-05-23,41.2701,425.92
2018-05-24,42.0113,455.27
2018-05-25,40.9851,197.92
2018-05-28,41.3608,329.75
2018-05-29,41.211,407.35
2018-05-30,41.3305,215.53
2018-05-31,42.0041,263.6
2018-06-01,41.2685,309.59
2018-06-04,40.6582,153.95
2018-06-05,39.4941,110.39
2018-06-06,39.1845,161.12
2018-06-07,39.9822,350.74
2018-06-08,39.9259,129.45
2018-06-11,39.1393,175.88
2018-06-12,38.8698,235.14
2018-06-13,38.0178,131.15
2018-06-14,37.3914,176.68
2018-06-15,37.6244,464.51
2018-06-18,36.977,107.72
2018-06-19,37.6089,361.37
2018-06-20,37.5838,253.76
2018-06-21,37.6471,369.06
2018-06-22,37.505,335.48
2018-06-25,37.9548,189.4
2018-06-26,38.4158,438.88
2018-06-27,38.6242,296.78
2018-06-28,38.9669,429.01
2018-06-29,38.8585,262.41
2018-07-02,39.1901,493.87
2018-07-03,39.0072,408.2
2018-07-04,39.0241,486.38
2018-07-05,38.8789,305.73
2018-07-06,38.6278,289.48
2018-07-09,38.244,402.18
2018-07-10,38.5276,452.12
2018-07-11,39.3004,485.66
2018-07-12,40.0065,229.82
2018-07-13,39.2684,419.48
2018-07-16,40.0435,184.26
2018-07-17,39.8684,318.23
2018-07-18,40.2436,171.94
2018-07-19,39.7127,238.96
2018-07-20,39.8132,472.54
2018-07-23,40.0164,158.44
2018-07-24,39.1413,352.96
2018-07-25,39.5141,337.18
2018-07-26,40.3277,148.3
2018-07-27,40.2381,230.39
2018-07-30,41.0752,325.19
2018-07-31,40.9748,174.87
2018-08-01,41.5133,420.25
2018-08-02,40.1484,488.86
2018-08-03,41.6211,185.9
2018-08-06,42.5714,174.76
2018-08-07,42.4067,281.97
2018-08-08,41.1692,399.11
2018-08-09,41.3635,212.64
2018-08-10,40.4842,107.95
2018-08-13,40.7705,316.49
2018-08-14,41.0385,482.64
2018-08-15,40.4755,256.51
2018-08-16,41.1722,268.05
2018-08-17,41.6862,487.56
2018-08-20,42.313,377.84
2018-08-21,42.3356,387.67
2018-08-22,41.4536,325.08
2018-08-23,42.0782,489.84
2018-08-24,41.9244,375.55
2018-08-27,41.0672,458.01
2018-08-28,41.9165,379.75
2018-08-29,43.2533,394.05
2018-08-30,43.2438,216.16
2018-08-31,44.6616,221.39
2018-09-03,44.7407,413.19
2018-09-04,44.5032,218.68
2018-09-05,44.1002,325.11
2018-09-06,45.2008,199.74
2018-09-07,44.6899,426.79
2018-09-10,45.2007,144.2
2018-09-11,44.8396,431.78
2018-09-12,44.548,341.09
2018-09-13,45.2542,174.76
2018-09-14,45.0143,316.81
2018-09-17,44.759,213.0
2018-09-18,45.5375,229.39
2018-09-19,46.6468,240.61
2018-09-20,47.1165,125.33
2018-09-21,46.6726,494.38
2018-09-24,46.3338,112.61
2018-09-25,46.4079,365.0
2018-09-26,46.6499,248.49
2018-09-27,45.9773,358.4
2018-09-28,46.4943,242.5
2018-10-01,46.5726,369.5
2018-10-02,45.3926,391.69
2018-10-03,44.7783,376.22
2018-10-04,44.4576,145.58
2018-10-05,44.4268,362.76
2018-10-08,45.7036,212.0
2018-10-09,45.8851,111.52
2018-10-10,45.3248,265.93
2018-10-11,45.4929,273.42
2018-10-12,45.2709,286.87
2018-10-15,45.5095,381.93
2018-10-16,45.924,223.54
2018-10-17,46.7754,226.11
2018-10-18,46.7771,124.22
2018-10-19,47.9458,374.73
2018-10-22,48.618,327.13
2018-10-23,48.1215,239.77
2018-10-24,49.7359,382.08
2018-10-25,49.9997,314.94
2018-10-26,49.3934,287.7
2018-10-29,50.6378,304.53
2018-10-30,52.2362,354.54
2018-10-31,52.2313,364.0
2018-11-01,51.8576,215.58
2018-11-02,51.7442,156.3
2018-11-05,52.3197,162.65
2018-11-06,53.3434,355.76
2018-11-07,53.8213,449.15
2018-11-08,53.9249,263.8
2018-11-09,55.1582,167.81
2018-11-12,54.9214,402.64
2018-11-13,55.7927,433.0
2018-11-14,55.5739,452.23
2018-11-15,55.9555,342.73
2018-11-16,55.8825,444.29
2018-11-19,55.8581,106.17
2018-11-20,55.5642,142.89
2018-11-21,56.7073,137.03
2018-11-22,56.1066,385.04
2018-11-23,55.506,127.83
2018-11-26,57.2941,298.55
2018-11-27,58.1574,289.08
2018-11-28,56.1,224.28
2018-11-29,55.6468,448.16
2018-11-30,54.1566,168.17
2018-12-03,53.4059,240.99
2018-12-04,50.9131,409.67
2018-12-05,50.8288,112.17
2018-12-06,49.9785,369.18
2018-12-07,50.0434,426.56
2018-12-10,48.8435,472.91
2018-12-11,48.9238,450.52
2018-12-12,48.6389,227.75
2018-12-13,49.7541,334.55
2018-12-14,50.8274,130.92
2018-12-17,51.4464,203.15
2018-12-18,51.215,137.69
2018-12-19,52.7607,226.07
2018-12-20,51.5527,450.07
2018-12-21,50.488,238.87
2018-12-24,50.4447,324.76
2018-12-25,52.1704,273.35
2018-12-26,52.033,283.57
2018-12-27,51.9108,487.83
2018-12-28,50.8088,218.46
2018-12-31,51.55,350.93
2019-01-01,52.3077,268.03
2019-01-02,52.9477,124.46
2019-01-03,52.4692,295.73
2019-01-04,51.9339,425.34
2019-01-07,50.9474,139.5
2019-01-08,51.0318,127.84
2019-01-09,50.2252,161.45
2019-01-10,49.3583,405.76
2019-01-11,49.0643,389.6
2019-01-14,48.724,326.01
2019-01-15,48.3503,287.29
2019-01-16,48.7079,455.33
2019-01-17,48.7851,406.68
2019-01-18,48.5938,424.78
2019-01-21,48.7466,425.3
2019-01-22,48.0411,357.09
2019-01-23,48.1362,283.21
2019-01-24,48.2642,445.87
2019-01-25,47.1953,470.4
2019-01-28,47.9191,109.52
2019-01-29,47.3047,120.62
2019-01-30,47.3877,483.5
2019-01-31,48.2343,210.86
2019-02-01,48.9234,449.35
2019-02-04,48.9681,255.52
2019-02-05,48.7215,147.64
2019-02-06,49.4334,132.18
2019-02-07,49.9535,162.6
2019-02-08,49.5101,199.96
2019-02-11,48.9396,295.41
2019-02-12,47.4379,380.6
2019-02-13,47.5664,494.56
2019-02-14,47.5265,276.6
2019-02-15,48.3555,307.27
2019-02-18,48.6352,308.73
2019-02-19,49.6281,315.77
2019-02-20,49.1288,307.1
2019-02-21,49.9872,103.51
2019-02-22,49.6106,100.69
2019-02-25,50.2091,139.07
2019-02-26,49.1305,140.62
2019-02-27,49.3234,381.96
2019-02-28,47.8748,181.97
2019-03-01,47.7021,457.89
2019-03-04,48.0363,471.44
2019-03-05,47.6801,490.36
2019-03-06,46.9479,475.63
2019-03-07,47.5625,208.76
2019-03-08,47.5078,303.91
2019-03-11,47.1779,170.18
2019-03-12,47.2264,422.48
2019-03-13,49.1131,455.37
2019-03-14,49.9825,440.52
2019-03-15,50.8741,273.35
2019-03-18,51.2269,403.47
2019-03-19,51.3753,139.03
2019-03-20,49.5493,116.1
2019-03-21,49.0645,401.29
2019-03-22,48.7305,270.14
2019-03-25,47.3795,498.22
2019-03-26,46.5759,138.9
2019-03-27,45.2106,442.25
2019-03-28,45.2027,291.99
2019-03-29,45.7759,430.86
2019-04-01,46.5542,426.85
2019-04-02,46.8625,466.4
2019-04-03,46.204,219.14
2019-04-04,44.8835,479.92
2019-04-05,43.7186,160.67
2019-04-08,42.9039,132.79
2019-04-09,42.349,272.65
2019-04-10,42.2645,431.33
2019-04-11,41.6385,289.37
2019-04-12,41.8668,431.71
2019-04-15,41.7377,391.87
2019-04-16,41.761,183.77
2019-04-17,42.492,479.55
2019-04-18,41.7567,124.31
2019-04-19,42.0357,459.31
2019-04-22,42.0437,221.78
2019-04-23,41.8502,300.06
2019-04-24,42.4227,268.94
2019-04-25,42.999,168.73
2019-04-26,42.4057,243.26
2019-04-29,42.3068,177.17
2019-04-30,42.5022,181.55
2019-05-01,42.3451,174.82
2019-05-02,42.7337,295.61
2019-05-03,42.931,419.17
2019-05-06,44.1283,327.59
2019-05-07,43.133,457.28
2019-05-08,43.071,354.62
2019-05-09,42.5013,375.74
2019-05-10,42.9034,367.04
2019-05-13,41.8799,279.78
2019-05-14,42.1142,375.74
2019-05-15,41.733,127.88
2019-05-16,41.2901,443.94
2019-05-17,40.4107,411.12
2019-05-20,40.145,198.09
2019-05-21,40.8141,407.21
2019-05-22,40.815,105.06
2019-05-23,41.2156,186.9
2019-05-24,42.2613,126.05
2019-05-27,42.4454,412.09
2019-05-28,42.1066,402.35
2019-05-29,42.4185,425.45
2019-05-30,42.0892,101.79
2019-05-31,41.7875,300.49
2019-06-03,40.8516,381.93
2019-06-04,41.4355,162.16
2019-06-05,41.2121,359.92
2019-06-06,41.3412,133.64
2019-06-07,40.7153,172.53
2019-06-10,40.9979,290.32
2019-06-11,40.5457,361.43
2019-06-12,40.4757,158.35
2019-06-13,41.0249,174.09
2019-06-14,41.5279,181.78
2019-06-17,41.5308,195.48
2019-06-18,40.4459,190.62
2019-06-19,42.2778,258.06
2019-06-20,43.4019,361.52
2019-06-21,43.8897,275.21
2019-06-24,43.4114,410.39
2019-06-25,43.3548,387.71
2019-06-26,43.0187,150.61
2019-06-27,43.8515,119.54
2019-06-28,44.0417,451.18
2019-07-01,43.5413,131.93
2019-07-02,43.2512,159.34
2019-07-03,43.9959,108.85
2019-07-04,45.0695,351.33
2019-07-05,46.1207,332.95
2019-07-08,46.6629,494.76
2019-07-09,46.5047,454.77
2019-07-10,44.2622,264.34
2019-07-11,44.4772,248.63
2019-07-12,44.4937,218.74
2019-07-15,44.605,160.96
2019-07-16,44.6589,155.23
2019-07-17,43.7883,152.91
2019-07-18,44.1719,145.65
2019-07-19,44.6085,196.2
2019-07-22,45.0829,222.67
2019-07-23,45.741,484.63
2019-07-24,46.1738,331.39
2019-07-25,45.9083,495.04
2019-07-26,45.8779,248.99
2019-07-29,45.9589,283.05
2019-07-30,46.0515,229.83
2019-07-31,46.7595,173.16
2019-08-01,47.2297,157.27
2019-08-02,48.7202,478.03
2019-08-05,50.3522,494.72
2019-08-06,50.4325,117.96
2019-08-07,47.5503,160.14
2019-08-08,48.4515,269.41
2019-08-09,48.0782,174.53
2019-08-12,47.5194,245.55
2019-08-13,47.2544,151.64
2019-08-14,46.9567,282.6
2019-08-15,47.4067,208.68
2019-08-16,46.3168,240.76
2019-08-19,45.5866,137.73
2019-08-20,45.8395,271.25
2019-08-21,46.2861,493.3
2019-08-22,46.75,231.53
2019-08-23,46.2168,450.57
2019-08-26,45.5571,437.28
2019-08-27,45.2292,480.82
2019-08-28,45.41,416.04
2019-08-29,46.44,363.84
2019-08-30,45.0323,442.63
2019-09-02,44.9012,130.26
2019-09-03,44.0216,285.13
2019-09-04,42.9482,495.7
2019-09-05,43.5883,407.84
2019-09-06,43.9618,484.83
2019-09-09,44.2758,411.85
2019-09-10,44.9052,449.95
2019-09-11,44.6,382.61
2019-09-12,44.3284,404.2
2019-09-13,45.7995,309.27
2019-09-16,45.6484,469.7
2019-09-17,46.1701,430.02
2019-09-18,46.1929,437.55
2019-09-19,44.9308,369.2
2019-09-20,43.5707,221.83
2019-09-23,43.2098,114.25
2019-09-24,43.9116,474.26
2019-09-25,44.4484,334.45
2019-09-26,45.0756,219.26
2019-09-27,44.4262,159.65
2019-09-30,45.5208,431.81
2019-10-01,44.8802,434.61
2019-10-02,45.0414,425.8
2019-10-03,45.0524,358.03
2019-10-04,44.9529,246.41
2019-10-07,45.8735,221.63
2019-10-08,45.4067,103.42
2019-10-09,44.5056,433.44
2019-10-10,44.5368,134.97
2019-10-11,44.2875,352.3
2019-10-14,46.5488,301.63
2019-10-15,47.0398,310.68
2019-10-16,46.7698,470.69
2019-10-17,46.0476,112.65
2019-10-18,44.7673,409.36
2019-10-21,44.0967,120.82
2019-10-22,44.1904,115.26
2019-10-23,45.1542,271.93
2019-10-24,45.932,125.23
2019-10-25,46.1082,415.66
2019-10-28,45.9031,311.83
2019-10-29,46.1066,111.62
2019-10-30,45.7664,116.2
2019-10-31,46.9643,345.07
2019-11-01,46.8498,422.44
2019-11-04,46.8079,275.12
2019-11-05,45.2708,321.83
2019-11-06,45.1562,419.93
2019-11-07,45.7409,344.2
2019-11-08,45.0266,189.9
2019-11-11,44.5376,345.22
2019-11-12,45.085,351.31
2019-11-13,44.1044,393.64
2019-11-14,44.8218,348.35
2019-11-15,44.482,487.7
2019-11-18,44.2405,178.92
2019-11-19,43.5124,480.44
2019-11-20,43.7765,315.34
2019-11-21,45.4093,368.78
2019-11-22,45.9598,139.78
2019-11-25,45.3823,252.23
2019-11-26,46.1736,407.75
2019-11-27,45.9727,382.76
2019-11-28,46.9389,116.06
2019-11-29,47.5257,318.64
2019-12-02,45.4465,135.31
2019-12-03,44.7802,498.34
2019-12-04,45.4325,458.92
2019-12-05,45.554,108.43
2019-12-06,44.8727,443.46
2019-12-09,44.4642,467.77
2019-12-10,43.2106,241.42
2019-12-11,43.1706,387.8
2019-12-12,44.6194,276.84
2019-12-13,45.176,362.09
2019-12-16,46.6784,236.13
2019-12-17,47.3149,229.02
2019-12-18,48.063,269.77
2019-12-19,49.5055,158.23
2019-12-20,49.8054,432.46
2019-12-23,49.6855,239.48
2019-12-24,50.475,260.06
2019-12-25,51.5959,457.62
2019-12-26,51.2451,298.65
2019-12-27,50.7109,317.7
2019-12-30,50.8368,482.6
2019-12-31,51.4912,454.69
2020-01-01,52.1282,167.79
2020-01-02,51.0355,289.29
2020-01-03,52.5193,488.52
2020-01-06,52.0352,248.95
2020-01-07,51.8491,248.63
2020-01-08,51.1678,178.01
2020-01-09,53.2593,145.73
2020-01-10,53.474,396.12
2020-01-13,52.8128,408.01
2020-01-14,53.5183,487.61
2020-01-15,54.1572,409.37
2020-01-16,54.0264,197.34
2020-01-17,54.7292,116.05
2020-01-20,54.0736,494.17
2020-01-21,53.6954,236.18
2020-01-22,52.0978,224.79
2020-01-23,51.084,462.38
2020-01-24,52.4895,334.04
2020-01-27,53.8029,185.95
2020-01-28,53.8775,455.64
2020-01-29,55.243,497.34
2020-01-30,55.1324,134.67
2020-01-31,54.9532,444.9
2020-02-03,55.0218,256.21
2020-02-04,54.9407,309.63
2020-02-05,54.7853,465.93
2020-02-06,55.7468,489.35
2020-02-07,55.8947,204.87
2020-02-10,56.5144,185.14
2020-02-11,57.4113,132.21
2020-02-12,57.7686,324.72
2020-02-13,56.9509,105.44
2020-02-14,55.818,264.76
2020-02-17,55.9649,129.35
2020-02-18,55.8435,262.09
2020-02-19,55.939,115.97
2020-02-20,55.948,434.09
2020-02-21,58.1385,183.9
2020-02-24,57.0017,231.32
2020-02-25,55.3231,448.02
2020-02-26,55.621,398.51
2020-02-27,55.3292,187.62
2020-02-28,55.6137,128.76
2020-03-02,56.123,386.27
2020-03-03,57.2264,256.28
2020-03-04,55.9555,406.43
2020-03-05,55.5106,278.12
2020-03-06,55.8899,238.4
2020-03-09,56.5581,280.48
2020-03-10,58.4416,399.42
2020-03-11,59.3028,460.89
2020-03-12,59.276,119.91
2020-03-13,58.508,309.64
2020-03-16,58.0362,113.13
2020-03-17,57.5434,287.36
2020-03-18,58.132,454.11
2020-03-19,58.3793,244.64
2020-03-20,57.2436,472.98
2020-03-23,56.8922,352.24
2020-03-24,57.6638,473.66
2020-03-25,57.9911,402.87
2020-03-26,58.5089,141.37
2020-03-27,58.8684,192.46
2020-03-30,60.3281,257.67
2020-03-31,60.5658,168.04
2020-04-01,60.2394,297.96
2020-04-02,59.436,288.55
2020-04-03,59.6823,482.5
2020-04-06,57.5212,273.49
2020-04-07,57.3852,414.25
2020-04-08,57.2309,476.76
2020-04-09,56.0825,450.8
2020-04-10,55.324,183.47
2020-04-13,56.0181,298.41
2020-04-14,56.2343,239.1
2020-04-15,56.3427,259.94
2020-04-16,56.6241,244.32
2020-04-17,56.7254,430.54
2020-04-20,57.8057,280.86
2020-04-21,57.9358,309.48
2020-04-22,56.6917,492.98
2020-04-23,58.1006,123.99
2020-04-24,58.4466,295.18
2020-04-27,57.9534,409.62
2020-04-28,56.887,160.46
2020-04-29,57.2476,344.61
2020-04-30,57.1699,195.79
2020-05-01,58.5427,446.96
2020-05-04,58.2623,230.84
2020-05-05,57.5538,231.63
2020-05-06,58.3502,339.28
2020-05-07,59.1834,173.43
2020-05-08,59.3568,213.96
2020-05-11,59.9827,266.65
2020-05-12,59.9728,241.46
2020-05-13,60.2072,309.95
2020-05-14,61.2834,339.86
2020-05-15,61.8827,326.67
2020-05-18,61.7503,361.67
2020-05-19,63.0277,223.1
2020-05-20,60.8171,150.57
2020-05-21,62.7134,404.32
2020-05-22,61.1337,440.31
2020-05-25,60.5831,202.8
2020-05-26,60.5702,262.84
2020-05-27,60.4613,299.43
2020-05-28,61.3982,313.33
2020-05-29,60.4486,363.8
2020-06-01,60.7092,116.64
2020-06-02,60.2069,388.59
2020-06-03,60.4976,124.79
2020-06-04,60.463,287.32
2020-06-05,60.5715,431.07
2020-06-08,60.096,280.49
2020-06-09,59.6603,159.64
2020-06-10,59.9412,494.01
2020-06-11,60.8137,455.71
2020-06-12,60.2923,408.53
2020-06-15,59.5307,264.6
2020-06-16,60.1023,173.54
2020-06-17,60.097,476.56
2020-06-18,60.8697,312.94
2020-06-19,60.0671,440.94
2020-06-22,58.4878,236.84
2020-06-23,58.0436,234.12
2020-06-24,57.3996,494.22
2020-06-25,57.3547,308.73
2020-06-26,56.8297,156.28
2020-06-29,57.4842,187.87
2020-06-30,57.2587,292.78
2020-07-01,57.4108,116.99
2020-07-02,57.5695,285.01
2020-07-03,57.7609,267.58
2020-07-06,57.7631,411.73
2020-07-07,58.2286,241.98
2020-07-08,57.557,493.02
2020-07-09,58.7882,172.31
2020-07-10,58.6031,336.39
2020-07-13,57.4737,135.88
2020-07-14,57.6588,393.55
2020-07-15,56.9457,497.9
2020-07-16,57.5368,427.66
2020-07-17,59.4668,322.28
2020-07-20,58.789,293.9
2020-07-21,59.1056,434.01
2020-07-22,57.5728,474.39
2020-07-23,57.9878,495.68
2020-07-24,57.2406,258.62
2020-07-27,56.727,496.37
2020-07-28,55.8126,162.37
2020-07-29,56.4479,201.42
2020-07-30,57.3234,135.61
2020-07-31,57.3664,208.7
2020-08-03,56.6455,407.18
2020-08-04,58.0188,441.17
2020-08-05,57.3889,411.56
2020-08-06,55.5507,352.43
2020-08-07,55.9549,305.59
2020-08-10,55.05,383.48
2020-08-11,55.8884,256.33
2020-08-12,55.5912,436.52
2020-08-13,56.1169,370.88
2020-08-14,57.319,379.12
2020-08-17,56.3026,314.37
2020-08-18,55.8472,454.09
2020-08-19,55.8061,200.81
2020-08-20,57.1155,252.46
2020-08-21,56.5743,411.06
2020-08-24,56.0924,297.1
2020-08-25,56.5172,455.69
2020-08-26,56.0504,238.56
2020-08-27,56.2011,247.73
2020-08-28,54.9156,455.49
2020-08-31,56.7616,285.75
2020-09-01,55.6368,306.45
2020-09-02,55.3905,233.11
2020-09-03,55.3857,210.67
2020-09-04,56.9969,362.38
2020-09-07,55.887,147.94
2020-09-08,57.5723,451.71
2020-09-09,58.2492,411.68
2020-09-10,58.637,176.3
2020-09-11,57.7944,377.61
2020-09-14,58.3126,341.05
2020-09-15,57.7031,173.81
2020-09-16,58.8226,209.28
2020-09-17,57.9893,263.59
2020-09-18,57.9141,379.7
2020-09-21,57.4548,355.49
2020-09-22,56.6268,312.89
2020-09-23,57.2791,407.36
2020-09-24,57.7621,403.18
2020-09-25,58.8327,347.14
2020-09-28,57.2855,414.8
2020-09-29,58.2228,233.71
2020-09-30,60.4342,452.5
2020-10-01,60.049,345.96
2020-10-02,61.78,428.95
2020-10-05,61.5609,318.51
2020-10-06,60.3182,187.38
2020-10-07,60.0658,316.96
2020-10-08,61.0342,248.44
2020-10-09,60.2913,379.0
2020-10-12,59.7725,290.32
2020-10-13,60.3286,434.45
2020-10-14,60.3555,371.23
2020-10-15,60.9089,373.82
2020-10-16,61.1505,186.86
2020-10-19,61.6149,493.7
2020-10-20,61.24,436.67
2020-10-21,61.4774,415.6
2020-10-22,60.6468,232.09
2020-10-23,61.8431,314.25
2020-10-26,61.2795,154.84
2020-10-27,62.3416,315.39
2020-10-28,62.1481,158.36
2020-10-29,62.3613,321.22
2020-10-30,61.9232,359.49
2020-11-02,61.0043,256.08
2020-11-03,59.4321,299.42
2020-11-04,58.5151,450.26
2020-11-05,58.2542,143.43
2020-11-06,58.4627,416.69
2020-11-09,59.3721,168.3
2020-11-10,58.9988,114.68
2020-11-11,58.2419,174.23
2020-11-12,57.0048,406.02
2020-11-13,57.4381,262.05
2020-11-16,58.6528,449.01
2020-11-17,59.7904,309.88
2020-11-18,60.451,108.9
2020-11-19,61.0542,386.69
2020-11-20,62.6333,144.09
2020-11-23,62.9704,415.75
2020-11-24,63.6059,167.24
2020-11-25,63.3252,238.18
2020-11-26,62.0568,404.51
2020-11-27,61.4451,481.69
2020-11-30,61.4612,248.57
2020-12-01,61.5418,431.76
2020-12-02,63.3446,176.32
2020-12-03,63.4472,422.87
2020-12-04,64.5945,363.0
2020-12-07,64.1988,177.1
2020-12-08,63.9243,221.0
2020-12-09,62.6756,152.71
2020-12-10,62.0027,253.19
2020-12-11,62.5177,181.46
2020-12-14,62.5498,357.6
2020-12-15,63.4595,497.8
2020-12-16,63.6574,104.8
2020-12-17,63.3463,316.37
2020-12-18,65.413,329.47
2020-12-21,65.347,465.68
2020-12-22,66.5131,302.4
2020-12-23,66.1394,317.48
2020-12-24,66.8699,288.66
2020-12-25,67.8275,207.56
2020-12-28,68.0667,122.41
2020-12-29,65.69,263.46
2020-12-30,65.7343,121.04
2020-12-31,66.9738,320.2
2021-01-01,67.5305,222.92
2021-01-04,68.0091,313.44
2021-01-05,66.2794,153.72
2021-01-06,65.5897,473.05
2021-01-07,66.0206,457.81
2021-01-08,66.4534,176.0
2021-01-11,67.6908,237.38
2021-01-12,67.5708,345.4
2021-01-13,68.0091,138.27
2021-01-14,68.053,241.83
2021-01-15,67.0728,200.44
2021-01-18,64.8301,466.21
2021-01-19,65.2751,441.0
2021-01-20,65.4716,331.93
2021-01-21,64.8907,308.14
2021-01-22,63.3406,472.29
2021-01-25,63.9642,472.97
2021-01-26,63.7347,487.73
2021-01-27,64.2926,150.15
2021-01-28,66.1159,164.22
2021-01-29,64.0187,370.69
2021-02-01,63.3724,316.57
2021-02-02,63.1988,107.39
2021-02-03,64.6032,124.79
2021-02-04,63.0433,455.23
2021-02-05,64.8991,447.55
2021-02-08,65.0574,242.91
2021-02-09,64.9897,456.42
2021-02-10,64.8226,337.47
2021-02-11,64.4244,422.36
2021-02-12,65.463,270.97
2021-02-15,64.4399,145.36
2021-02-16,64.7996,273.49
2021-02-17,64.4521,282.92
2021-02-18,63.7411,320.38
2021-02-19,66.239,142.23
2021-02-22,66.6819,496.56
2021-02-23,67.322,197.65
2021-02-24,68.4979,179.42
2021-02-25,67.0649,310.72
2021-02-26,68.8545,314.88
2021-03-01,66.2907,275.93
2021-03-02,65.5528,408.76
2021-03-03,65.1277,306.66
2021-03-04,65.722,343.88
2021-03-05,65.9639,389.5
2021-03-08,65.8252,110.01
2021-03-09,65.8397,328.26
2021-03-10,64.9002,453.68
2021-03-11,63.4686,106.96
2021-03-12,64.1856,262.07
2021-03-15,64.8792,470.49
2021-03-16,66.4471,241.26
2021-03-17,65.6863,283.49
2021-03-18,66.3952,492.62
2021-03-19,66.1392,179.73
2021-03-22,67.3467,126.1
2021-03-23,68.4061,443.77
2021-03-24,68.6501,447.39
2021-03-25,68.328,288.83
2021-03-26,69.3402,305.68
2021-03-29,70.0408,434.32
2021-03-30,69.3497,395.42
2021-03-31,67.9962,206.06
2021-04-01,67.7291,106.76
2021-04-02,69.2958,291.88
2021-04-05,70.5152,443.56
2021-04-06,69.3668,458.33
2021-04-07,68.1795,482.49
2021-04-08,69.5104,451.83
2021-04-09,68.3541,332.02
2021-04-12,68.9037,277.84
2021-04-13,68.2945,409.94
2021-04-14,69.9783,395.93
2021-04-15,69.1976,315.26
2021-04-16,70.4121,134.93
2021-04-19,70.6355,470.43
2021-04-20,70.931,282.24
2021-04-21,68.863,245.33
2021-04-22,66.615,351.83
2021-04-23,66.4213,369.54
2021-04-26,66.6939,184.28
2021-04-27,65.5949,434.78
2021-04-28,64.5499,215.97
2021-04-29,65.1194,174.67
2021-04-30,65.6952,262.56
2021-05-03,65.5858,392.22
2021-05-04,66.3796,486.18
2021-05-05,65.237,423.71
2021-05-06,64.9148,476.14
2021-05-07,66.5453,156.24
2021-05-10,66.6401,128.47
2021-05-11,66.793,323.08
2021-05-12,69.1301,216.12
2021-05-13,67.7067,431.22
2021-05-14,68.5426,368.8
2021-05-17,70.2808,488.29
2021-05-18,69.9665,201.92
2021-05-19,70.8966,294.31
2021-05-20,69.8807,300.5
2021-05-21,69.1888,195.67
2021-05-24,69.616,336.04
2021-05-25,70.4777,277.31
2021-05-26,71.6909,278.69
2021-05-27,73.4075,245.09
2021-05-28,73.3626,106.77
2021-05-31,74.7055,308.84
2021-06-01,74.3518,234.1
2021-06-02,75.3876,100.53
2021-06-03,75.6524,223.18
2021-06-04,76.1884,211.45
2021-06-07,76.7029,257.38
2021-06-08,74.8873,152.74
2021-06-09,73.6545,303.07
2021-06-10,73.7972,376.98
2021-06-11,71.959,352.07
2021-06-14,72.885,421.5
2021-06-15,73.867,280.8
2021-06-16,74.2591,307.64
2021-06-17,73.0399,424.16
2021-06-18,74.5812,271.08
2021-06-21,76.8901,380.64
2021-06-22,77.0905,273.84
2021-06-23,77.7117,267.09
2021-06-24,77.978,404.08
2021-06-25,78.6295,169.93
2021-06-28,78.52,235.43
2021-06-29,78.5107,189.67
2021-06-30,79.6087,243.64
2021-07-01,82.4415,192.15
2021-07-02,80.7431,331.76
2021-07-05,80.6497,419.27
2021-07-06,79.2539,414.65
2021-07-07,81.1782,245.8
2021-07-08,80.495,495.5
2021-07-09,78.7846,337.54
2021-07-12,79.5704,259.76
2021-07-13,81.6841,434.22
2021-07-14,82.5299,391.95
2021-07-15,82.8164,399.71
2021-07-16,83.3578,178.46
2021-07-19,85.1602,287.33
2021-07-20,84.0776,444.73
2021-07-21,83.9701,301.62
2021-07-22,83.4335,373.38
2021-07-23,82.0053,335.17
2021-07-26,81.6342,436.94
2021-07-27,83.0233,213.82
2021-07-28,83.7621,330.19
2021-07-29,84.6051,149.29
2021-07-30,84.8249,376.08
2021-08-02,85.5247,392.79
2021-08-03,84.5318,117.13
2021-08-04,84.1732,370.32
2021-08-05,84.4493,265.88
2021-08-06,84.8346,149.64
2021-08-09,85.276,267.96
2021-08-10,85.1331,177.69
2021-08-11,84.6852,266.22
2021-08-12,88.7303,253.74
2021-08-13,89.9727,395.36
2021-08-16,90.5663,409.69
2021-08-17,90.2857,342.81
2021-08-18,89.7107,109.07
2021-08-19,89.5706,472.41
2021-08-20,89.9999,374.49
2021-08-23,87.4973,113.68
2021-08-24,85.4725,427.53
2021-08-25,84.6902,180.11
2021-08-26,84.9872,331.69
2021-08-27,84.7162,286.65
2021-08-30,86.6284,267.94
2021-08-31,84.7367,455.89
2021-09-01,83.8156,274.94
2021-09-02,85.7603,130.14
2021-09-03,85.9633,478.66
2021-09-06,87.1386,468.21
2021-09-07,89.8546,373.77
2021-09-08,88.9554,287.16
2021-09-09,88.8585,137.14
2021-09-10,88.5309,416.3
2021-09-13,85.9707,130.19
2021-09-14,85.6048,127.44
2021-09-15,86.7704,314.95
2021-09-16,87.5087,164.05
2021-09-17,88.3563,103.09
2021-09-20,87.894,269.25
2021-09-21,87.0642,154.89
2021-09-22,88.7566,164.21
2021-09-23,88.13,130.76
2021-09-24,88.554,182.04
2021-09-27,88.8064,386.19
2021-09-28,90.789,423.57
2021-09-29,92.1483,281.01
2021-09-30,90.3948,302.62
2021-10-01,88.8207,113.06
2021-10-04,89.6275,127.73
2021-10-05,89.5769,203.03
2021-10-06,89.0011,317.56
2021-10-07,90.3926,395.82
2021-10-08,90.6829,342.0
2021-10-11,90.7906,256.85
2021-10-12,91.8889,147.33
2021-10-13,91.4086,412.31
2021-10-14,93.5958,245.51
2021-10-15,92.5269,394.42
2021-10-18,93.4757,305.19
2021-10-19,95.5235,395.46
2021-10-20,93.5882,462.92
2021-10-21,93.1437,468.41
2021-10-22,94.7768,314.04
2021-10-25,96.4599,304.6
2021-10-26,96.2503,206.27
2021-10-27,95.2282,474.32
2021-10-28,96.6317,283.17
2021-10-29,98.3859,151.04
2021-11-01,96.7065,273.08
2021-11-02,94.9988,150.82
2021-11-03,95.3577,301.01
2021-11-04,96.2961,324.51
2021-11-05,95.9026,235.1
2021-11-08,96.9182,128.66
2021-11-09,95.9246,477.4
2021-11-10,92.9202,409.34
2021-11-11,92.3665,435.55
2021-11-12,92.4911,246.75
2021-11-15,92.1454,404.33
2021-11-16,90.5808,294.15
2021-11-17,88.1501,180.43
2021-11-18,87.5056,149.77
2021-11-19,88.7189,238.02
2021-11-22,90.4261,155.02
2021-11-23,92.0733,499.31
2021-11-24,90.9832,119.68
2021-11-25,89.4451,276.46
2021-11-26,90.1472,280.84
2021-11-29,91.0421,220.25
2021-11-30,91.625,328.54
2021-12-01,88.8935,159.99
2021-12-02,87.7732,413.56
2021-12-03,87.7692,232.98
2021-12-06,88.4458,336.54
2021-12-07,89.4991,386.26
2021-12-08,89.7286,455.62
2021-12-09,90.2097,434.31
2021-12-10,90.3606,343.32
2021-12-13,91.326,255.36
2021-12-14,91.7911,301.28
2021-12-15,91.9184,407.49
2021-12-16,91.5851,451.02
2021-12-17,91.7334,141.51
2021-12-20,92.4369,253.94
2021-12-21,92.8448,410.45
2021-12-22,93.4123,272.66
2021-12-23,95.331,232.89
2021-12-24,95.7483,264.53
2021-12-27,94.8545,341.14
2021-12-28,96.1497,499.92
2021-12-29,94.2178,297.2
2021-12-30,92.7271,183.4
2021-12-31,93.2313,165.14
2022-01-03,93.9908,116.94
2022-01-04,92.273,323.53
2022-01-05,91.7801,317.83
2022-01-06,90.9824,182.09
2022-01-07,90.3546,378.13
2022-01-10,91.6696,396.44
2022-01-11,92.6778,203.64
2022-01-12,92.6883,237.64
2022-01-13,91.9663,496.19
2022-01-14,90.1412,249.71
2022-01-17,92.0976,404.32
2022-01-18,92.9524,281.09
2022-01-19,92.0043,417.34
2022-01-20,93.0342,407.61
2022-01-21,92.9734,367.1
2022-01-24,92.6102,441.91
2022-01-25,93.2518,475.69
2022-01-26,92.2519,331.99
2022-01-27,91.8131,194.99
2022-01-28,92.0171,259.45
2022-01-31,91.3645,403.32
2022-02-01,92.318,360.35
2022-02-02,94.9432,171.12
2022-02-03,93.9069,120.5
2022-02-04,91.599,373.18
2022-02-07,88.8853,200.43
2022-02-08,88.7202,299.87
2022-02-09,87.8732,398.7
2022-02-10,88.1823,325.07
2022-02-11,88.393,133.32
2022-02-14,86.3026,174.23
2022-02-15,83.9877,187.73
2022-02-16,84.3941,203.15
2022-02-17,84.5993,326.16
2022-02-18,84.0928,301.59
2022-02-21,82.0361,181.26
2022-02-22,82.649,127.02
2022-02-23,84.2589,168.57
2022-02-24,84.6439,493.75
2022-02-25,83.6018,287.42
2022-02-28,83.6911,446.94
2022-03-01,82.0096,439.5
2022-03-02,83.3438,304.61
2022-03-03,83.4795,382.68
2022-03-04,81.2988,177.1
2022-03-07,80.9647,375.36
2022-03-08,81.5597,208.95
2022-03-09,81.1849,432.82
2022-03-10,80.8814,133.49
2022-03-11,79.4283,409.26
2022-03-14,80.135,139.97
2022-03-15,79.3876,452.48
2022-03-16,76.8514,221.68
2022-03-17,76.4542,361.76
2022-03-18,77.61,295.0
2022-03-21,77.1906,246.52
2022-03-22,79.2338,358.18
2022-03-23,79.7753,479.01
2022-03-24,80.2126,116.51
2022-03-25,80.0902,467.54
2022-03-28,80.0402,343.63
2022-03-29,79.756,422.93
2022-03-30,79.4262,253.55
2022-03-31,80.0905,288.74
2022-04-01,78.9983,447.54
2022-04-04,77.7549,265.94
2022-04-05,76.476,313.86
2022-04-06,78.8533,108.08
2022-04-07,79.5121,163.44
2022-04-08,79.9071,356.67
2022-04-11,78.6715,386.79
2022-04-12,79.4386,333.04
2022-04-13,79.3314,157.32
2022-04-14,79.618,278.16
2022-04-15,78.4835,242.04
2022-04-18,78.7036,298.26
2022-04-19,78.2347,448.13
2022-04-20,77.3675,410.34
2022-04-21,78.2504,133.6
2022-04-22,76.4768,456.12
2022-04-25,77.1553,288.71
2022-04-26,77.9783,397.54
2022-04-27,76.9806,156.02
2022-04-28,76.0642,368.29
2022-04-29,75.8402,194.53
2022-05-02,76.1913,275.35
2022-05-03,76.0471,106.75
2022-05-04,76.5721,160.64
2022-05-05,78.6277,136.83
2022-05-06,78.0603,195.9
2022-05-09,76.0832,140.01
2022-05-10,77.0562,376.76
2022-05-11,79.0327,111.62
2022-05-12,79.5299,347.1
2022-05-13,78.2641,156.28
2022-05-16,78.15,478.06
2022-05-17,76.8701,473.24
2022-05-18,77.642,190.2
2022-05-19,76.0994,345.77
2022-05-20,75.7872,111.2
2022-05-23,74.6758,472.72
2022-05-24,74.8477,309.19
2022-05-25,74.4663,117.29
2022-05-26,74.6936,237.0
2022-05-27,74.7485,130.74
2022-05-30,73.6721,257.18
2022-05-31,74.3943,367.97
2022-06-01,74.3697,287.96
2022-06-02,73.2967,253.49
2022-06-03,75.7898,147.66
2022-06-06,76.3617,197.98
2022-06-07,76.2167,140.06
2022-06-08,77.8651,423.0
2022-06-09,80.0475,154.1
2022-06-10,79.905,338.15
2022-06-13,80.3533,237.1
2022-06-14,79.1946,190.39
2022-06-15,79.0515,355.79
2022-06-16,78.847,282.8
2022-06-17,79.0972,260.06
2022-06-20,79.5236,337.14
2022-06-21,80.2232,296.51
2022-06-22,80.5413,221.39
2022-06-23,79.1108,323.62
2022-06-24,78.0288,367.8
2022-06-27,77.4205,110.68
2022-06-28,77.1237,286.35
2022-06-29,78.3701,123.07
2022-06-30,77.0343,174.56
2022-07-01,76.6522,324.2
2022-07-04,77.7786,446.48
2022-07-05,77.4598,453.12
2022-07-06,78.0258,127.98
2022-07-07,77.8937,267.64
2022-07-08,78.2248,333.2
2022-07-11,77.9881,158.83
2022-07-12,78.7996,406.17
2022-07-13,77.0049,397.69
2022-07-14,76.616,461.34
2022-07-15,76.9875,103.39
2022-07-18,77.6346,186.67
2022-07-19,79.4042,430.87
2022-07-20,78.9703,368.23
2022-07-21,80.7544,457.76
2022-07-22,79.9884,122.87
2022-07-25,81.6145,338.79
2022-07-26,82.6479,327.62
2022-07-27,81.5486,114.27
2022-07-28,81.9568,305.41
2022-07-29,81.9266,343.81
2022-08-01,82.7281,176.52
2022-08-02,82.4841,209.33
2022-08-03,82.137,356.14
2022-08-04,83.8566,287.32
2022-08-05,83.766,443.21
2022-08-08,84.8379,236.95
2022-08-09,84.5851,206.66
2022-08-10,86.7335,493.95
2022-08-11,85.8857,464.45
2022-08-12,85.1289,111.6
2022-08-15,87.1096,408.29
2022-08-16,86.5631,144.13
2022-08-17,88.6766,110.99
2022-08-18,89.8984,209.48
2022-08-19,89.7258,207.74
2022-08-22,87.3212,427.73
2022-08-23,87.3308,384.27
2022-08-24,87.4989,492.64
2022-08-25,89.0658,384.61
2022-08-26,91.2236,267.3
2022-08-29,90.3228,379.57
2022-08-30,91.4444,499.78
2022-08-31,92.5308,384.06
2022-09-01,94.0577,404.67
2022-09-02,94.7989,475.35
2022-09-05,92.0746,145.46
2022-09-06,91.8968,381.91
2022-09-07,90.3405,440.32
2022-09-08,90.1021,481.75
2022-09-09,91.4626,184.39
2022-09-12,91.9178,301.57
2022-09-13,93.5376,372.22
2022-09-14,94.0545,198.99
2022-09-15,92.2604,340.19
2022-09-16,88.8087,203.03
2022-09-19,89.0424,233.38
2022-09-20,88.7923,276.61
2022-09-21,87.5267,311.68
2022-09-22,85.3289,279.75
2022-09-23,84.4226,297.28
2022-09-26,84.2101,219.44
2022-09-27,85.0849,163.59
2022-09-28,85.3597,118.94
2022-09-29,87.4528,178.39
2022-09-30,86.1293,332.78
2022-10-03,87.302,414.45
2022-10-04,87.3989,167.7
2022-10-05,88.3445,143.42
2022-10-06,87.8014,399.72
2022-10-07,89.2479,222.06
2022-10-10,89.6789,480.6
2022-10-11,88.8008,385.73
2022-10-12,88.8203,230.7
2022-10-13,88.5366,215.82
2022-10-14,89.2217,309.48
2022-10-17,87.6785,131.66
2022-10-18,87.6749,147.07
2022-10-19,88.2299,170.34
2022-10-20,88.3089,409.89
2022-10-21,90.1284,305.54
2022-10-24,91.2109,104.23
2022-10-25,91.2371,369.41
2022-10-26,91.5702,269.48
2022-10-27,92.0129,304.34
2022-10-28,92.6063,185.65
2022-10-31,90.1074,320.71
2022-11-01,89.7359,491.66
2022-11-02,87.7737,129.38
2022-11-03,89.4918,213.57
2022-11-04,89.4459,197.2
2022-11-07,89.2222,199.42
2022-11-08,90.4581,251.48
2022-11-09,91.0674,427.24
2022-11-10,89.5621,465.14
2022-11-11,89.5026,180.89
2022-11-14,89.0885,317.18
2022-11-15,86.7928,354.76
2022-11-16,85.9289,308.73
2022-11-17,85.7267,273.63
2022-11-18,85.6132,176.79
2022-11-21,83.7439,295.29
2022-11-22,85.2241,260.49
2022-11-23,85.1277,418.23
2022-11-24,85.2097,405.44
2022-11-25,85.7558,153.6
2022-11-28,84.7764,135.41
2022-11-29,85.3906,463.26
2022-11-30,84.9546,314.2
2022-12-01,83.8461,443.12
2022-12-02,84.6008,123.26
2022-12-05,86.5276,310.61
2022-12-06,87.503,315.77
2022-12-07,88.7494,444.28
2022-12-08,88.0919,139.04
2022-12-09,86.016,196.18
2022-12-12,87.9731,262.62
2022-12-13,90.7194,446.34
2022-12-14,92.8551,475.55
2022-12-15,92.4246,497.09
2022-12-16,90.8608,483.68
2022-12-19,89.4447,102.38
2022-12-20,87.2215,119.08
2022-12-21,87.1159,159.04
2022-12-22,89.2489,239.54
2022-12-23,89.095,431.97
2022-12-26,89.5346,457.06
2022-12-27,91.4179,174.73
2022-12-28,90.9004,347.87
2022-12-29,93.7122,466.94
2022-12-30,96.5499,285.49
2023-01-02,96.3986,141.42
2023-01-03,95.6021,283.13
2023-01-04,96.6402,250.32
2023-01-05,96.1751,331.06
2023-01-06,94.5451,275.46
2023-01-09,96.3999,106.94
2023-01-10,98.1975,497.6
2023-01-11,98.4658,317.42
2023-01-12,96.64,289.45
2023-01-13,94.8963,481.85
2023-01-16,95.0869,162.34
2023-01-17,94.412,175.7
2023-01-18,93.9667,423.21
2023-01-19,95.4447,204.33
2023-01-20,96.5326,419.69
2023-01-23,98.5667,208.61
2023-01-24,97.1415,113.28
2023-01-25,96.6803,306.81
2023-01-26,97.8196,178.67
2023-01-27,98.5162,403.14
2023-01-30,100.8201,356.48
2023-01-31,101.4964,469.44
2023-02-01,104.3506,413.2
2023-02-02,105.2377,172.31
2023-02-03,106.9565,420.06
2023-02-06,106.4802,356.69
2023-02-07,106.5456,367.58
2023-02-08,108.0441,432.91
2023-02-09,110.7014,329.53
2023-02-10,111.9566,286.4
2023-02-13,111.8617,354.66
2023-02-14,114.2175,219.18
2023-02-15,110.5078,173.04
2023-02-16,108.1944,346.64
2023-02-17,109.344,193.54
2023-02-20,109.4108,131.97
2023-02-21,110.4483,100.22
2023-02-22,110.5992,343.33
2023-02-23,111.5907,244.86
2023-02-24,110.2721,400.92
2023-02-27,111.2598,250.07
2023-02-28,112.9639,294.4
2023-03-01,115.0773,262.83
2023-03-02,118.599,360.23
2023-03-03,119.0807,242.46
2023-03-06,119.6176,485.51
2023-03-07,116.9325,474.46
2023-03-08,116.0472,439.21
2023-03-09,115.7575,468.12
2023-03-10,117.6275,279.66
2023-03-13,116.5965,314.57
2023-03-14,118.0359,396.84
2023-03-15,118.0803,378.46
2023-03-16,117.8137,456.27
2023-03-17,118.3007,386.53
2023-03-20,117.6539,499.15
2023-03-21,116.9438,239.4
2023-03-22,114.0001,433.2
2023-03-23,113.6217,379.05
2023-03-24,112.8491,376.55
2023-03-27,112.0208,230.33
2023-03-28,112.7661,414.24
2023-03-29,113.9253,460.15
2023-03-30,114.3677,187.42
2023-03-31,116.121,350.2
2023-04-03,117.17,256.85
2023-04-04,116.6983,495.82
2023-04-05,115.9348,291.53
2023-04-06,116.5252,191.33
2023-04-07,117.5746,252.74
2023-04-10,120.0869,361.54
2023-04-11,122.2806,130.44
2023-04-12,121.3364,341.44
2023-04-13,121.1992,472.49
2023-04-14,122.4676,440.15
2023-04-17,124.4785,127.07
2023-04-18,126.2816,497.36
2023-04-19,126.2111,379.49
2023-04-20,123.8875,164.91
2023-04-21,122.0807,104.97
2023-04-24,122.6288,168.51
2023-04-25,123.3073,435.27
2023-04-26,121.3245,108.66
2023-04-27,121.4542,193.26
2023-04-28,122.6527,402.92
2023-05-01,120.5838,334.44
2023-05-02,122.6307,413.09
2023-05-03,121.9853,398.46
2023-05-04,124.3352,120.24
2023-05-05,123.3901,457.0
2023-05-08,121.5393,190.81
2023-05-09,120.7527,321.36
2023-05-10,120.6286,357.72
2023-05-11,119.974,167.45
2023-05-12,119.6332,490.49
2023-05-15,120.2804,295.26
2023-05-16,120.0196,123.06
2023-05-17,119.9486,474.9
2023-05-18,116.9213,334.51
2023-05-19,117.6551,379.68
2023-05-22,117.5447,310.07
2023-05-23,120.4309,433.9
2023-05-24,118.7818,113.25
2023-05-25,115.6074,207.35
2023-05-26,116.7255,287.86
2023-05-29,117.3789,130.64
2023-05-30,115.6503,382.36
2023-05-31,113.0428,257.47
2023-06-01,115.6949,209.07
2023-06-02,118.1953,101.35
2023-06-05,113.8325,387.93
2023-06-06,113.0956,433.52
2023-06-07,115.964,258.02
2023-06-08,115.1823,325.69
2023-06-09,114.3808,191.07
2023-06-12,113.9414,348.88
2023-06-13,112.0712,104.85
2023-06-14,109.2502,295.46
2023-06-15,111.0188,357.68
2023-06-16,107.9941,467.28
2023-06-19,108.4379,252.53
2023-06-20,109.9234,406.08
2023-06-21,107.5745,339.07
2023-06-22,106.1261,470.8
2023-06-23,108.0998,259.35
2023-06-26,109.0071,227.64
2023-06-27,108.0414,454.86
2023-06-28,110.033,119.7
2023-06-29,112.0684,154.55
2023-06-30,112.5655,132.96
2023-07-03,111.0906,437.24
2023-07-04,110.4461,104.24
2023-07-05,110.9647,444.66
2023-07-06,110.6952,280.51
2023-07-07,112.2986,101.61
2023-07-10,109.7666,260.66
2023-07-11,107.3502,174.72
2023-07-12,107.6844,349.76
2023-07-13,106.9335,371.74
2023-07-14,105.9705,295.01
2023-07-17,103.2024,116.21
2023-07-18,103.274,362.45
2023-07-19,103.2336,436.82
2023-07-20,104.2868,388.13
2023-07-21,104.4363,431.98
2023-07-24,104.2703,180.2
2023-07-25,106.1529,455.56
2023-07-26,104.1056,228.88
2023-07-27,104.9848,105.36
2023-07-28,102.3951,437.36
2023-07-31,101.1484,476.73
2023-08-01,99.349,362.22
2023-08-02,100.554,192.57
2023-08-03,100.4956,200.7
2023-08-04,100.5154,286.64
2023-08-07,98.887,459.13
2023-08-08,98.482,159.84
2023-08-09,97.3936,430.39
2023-08-10,97.9927,216.52
2023-08-11,96.5751,423.43
2023-08-14,98.5401,468.11
2023-08-15,96.1029,271.0
2023-08-16,94.9787,246.02
2023-08-17,97.4062,420.89
2023-08-18,96.8093,311.79
2023-08-21,94.9387,373.78
2023-08-22,95.2886,349.13
2023-08-23,94.6472,161.16
2023-08-24,93.4984,437.92
2023-08-25,91.9989,178.31
2023-08-28,95.856,472.91
2023-08-29,95.5326,200.23
2023-08-30,92.8115,393.55
2023-08-31,94.9282,213.86
2023-09-01,95.8362,227.11
2023-09-04,94.7728,224.0
2023-09-05,93.4841,399.16
2023-09-06,94.4659,322.73
2023-09-07,94.1538,453.18
2023-09-08,91.4714,222.95
2023-09-11,93.9602,376.8
2023-09-12,93.3861,401.18
2023-09-13,95.5185,160.59
2023-09-14,97.3884,260.24
2023-09-15,95.9651,293.13
2023-09-18,97.4907,242.27
2023-09-19,96.5771,228.85
2023-09-20,93.9115,374.57
2023-09-21,93.3509,186.35
2023-09-22,93.9451,383.76
2023-09-25,93.3306,474.02
2023-09-26,92.938,326.08
2023-09-27,94.5694,344.57
2023-09-28,94.7583,127.57
2023-09-29,93.5976,445.79
2023-10-02,94.6206,214.18
2023-10-03,94.9391,346.02
2023-10-04,91.386,491.64
2023-10-05,92.0098,338.2
2023-10-06,92.5874,389.88
2023-10-09,92.6524,278.13
2023-10-10,93.9287,124.15
2023-10-11,93.0189,419.04
2023-10-12,93.5256,114.0
2023-10-13,91.3648,380.26
2023-10-16,91.9592,109.17
2023-10-17,94.69,444.92
2023-10-18,93.3149,163.05
2023-10-19,92.2887,305.71
2023-10-20,91.3427,338.86
2023-10-23,91.5573,283.02
2023-10-24,90.134,236.31
2023-10-25,90.7396,287.13
2023-10-26,91.9285,224.57
2023-10-27,92.7021,275.25
2023-10-30,90.2802,243.57
2023-10-31,91.664,326.48
2023-11-01,92.9895,195.17
2023-11-02,94.1846,495.46
2023-11-03,94.749,300.35
2023-11-06,95.0999,177.66
2023-11-07,96.6106,290.83
2023-11-08,99.4367,446.57
2023-11-09,98.055,108.72
2023-11-10,99.6799,371.82
2023-11-13,99.5909,319.19
2023-11-14,99.437,167.82
2023-11-15,97.185,426.99
2023-11-16,96.8087,247.55
2023-11-17,95.3993,217.52
2023-11-20,94.7737,431.25
2023-11-21,93.2504,355.41
2023-11-22,92.6598,459.3
2023-11-23,92.1324,351.95
2023-11-24,92.3029,396.33
2023-11-27,90.1042,434.58
2023-11-28,88.1865,121.9
2023-11-29,88.7005,410.42
2023-11-30,87.675,345.48
2023-12-01,89.1232,127.8
2023-12-04,89.46,303.43
2023-12-05,90.31,132.98
2023-12-06,92.2571,394.38
2023-12-07,91.8654,318.6
2023-12-08,91.1105,481.43
2023-12-11,92.3383,173.25
2023-12-12,93.081,342.41
2023-12-13,92.8566,184.63
2023-12-14,94.8319,345.63
2023-12-15,94.5679,389.06
2023-12-18,94.6522,388.92
2023-12-19,94.7202,426.03
2023-12-20,93.4302,441.42
2023-12-21,93.5763,130.91
2023-12-22,95.5743,237.31
2023-12-25,96.2505,374.85
2023-12-26,96.3338,299.43
2023-12-27,96.1386,176.27
2023-12-28,96.6542,321.08
2023-12-29,97.7799,262.97
